ds,alx,gco,mco
4/1/2023 00:00,14,73,33
4/1/2023 01:00,25,81,19
4/1/2023 02:00,10,48,29
4/1/2023 03:00,13,50,24
4/1/2023 04:00,11,35,9
4/1/2023 05:00,9,33,19
4/1/2023 06:00,14,39,31
4/1/2023 07:00,19,37,46
4/1/2023 08:00,21,74,34
4/1/2023 09:00,20,99,60
4/1/2023 10:00,26,96,71
4/1/2023 11:00,19,114,63
4/1/2023 12:00,26,109,81
4/1/2023 13:00,28,89,83
4/1/2023 14:00,30,116,94
4/1/2023 15:00,35,134,64
4/1/2023 16:00,24,171,86
4/1/2023 17:00,25,174,83
4/1/2023 18:00,87,197,75
4/1/2023 19:00,49,150,68
4/1/2023 20:00,56,142,75
4/1/2023 21:00,57,133,86
4/1/2023 22:00,64,134,70
4/1/2023 23:00,45,98,52
4/2/2023 00:00,42,83,40
4/2/2023 01:00,11,66,37
4/2/2023 02:00,17,83,28
4/2/2023 03:00,15,66,25
4/2/2023 04:00,10,54,15
4/2/2023 05:00,16,31,8
4/2/2023 06:00,9,41,23
4/2/2023 07:00,14,53,32
4/2/2023 08:00,20,60,36
4/2/2023 09:00,38,91,69
4/2/2023 10:00,37,97,44
4/2/2023 11:00,26,105,55
4/2/2023 12:00,24,124,65
4/2/2023 13:00,34,107,80
4/2/2023 14:00,40,128,74
4/2/2023 15:00,44,111,54
4/2/2023 16:00,25,137,43
4/2/2023 17:00,15,132,83
4/2/2023 18:00,31,151,71
4/2/2023 19:00,21,128,69
4/2/2023 20:00,18,131,59
4/2/2023 21:00,23,84,41
4/2/2023 22:00,21,89,43
4/2/2023 23:00,17,50,28
4/3/2023 00:00,29,53,29
4/3/2023 01:00,9,31,19
4/3/2023 02:00,14,29,16
4/3/2023 03:00,15,30,10
4/3/2023 04:00,2,37,16
4/3/2023 05:00,9,34,10
4/3/2023 06:00,14,41,21
4/3/2023 07:00,26,74,35
4/3/2023 08:00,29,126,102
4/3/2023 09:00,34,145,94
4/3/2023 10:00,49,135,90
4/3/2023 11:00,40,165,99
4/3/2023 12:00,49,186,65
4/3/2023 13:00,49,143,81
4/3/2023 14:00,31,170,90
4/3/2023 15:00,37,156,138
4/3/2023 16:00,37,189,124
4/3/2023 17:00,25,141,118
4/3/2023 18:00,37,113,82
4/3/2023 19:00,23,109,87
4/3/2023 20:00,27,85,82
4/3/2023 21:00,30,100,42
4/3/2023 22:00,25,54,38
4/3/2023 23:00,26,56,29
4/4/2023 00:00,14,38,30
4/4/2023 01:00,17,36,14
4/4/2023 02:00,5,28,17
4/4/2023 03:00,24,17,13
4/4/2023 04:00,11,32,9
4/4/2023 05:00,7,40,18
4/4/2023 06:00,17,78,43
4/4/2023 07:00,21,82,49
4/4/2023 08:00,48,113,59
4/4/2023 09:00,40,138,71
4/4/2023 10:00,52,142,75
4/4/2023 11:00,36,170,105
4/4/2023 12:00,47,146,101
4/4/2023 13:00,38,166,93
4/4/2023 14:00,37,177,110
4/4/2023 15:00,44,191,110
4/4/2023 16:00,30,177,100
4/4/2023 17:00,39,223,97
4/4/2023 18:00,30,136,83
4/4/2023 19:00,25,167,61
4/4/2023 20:00,37,120,88
4/4/2023 21:00,27,88,42
4/4/2023 22:00,22,109,38
4/4/2023 23:00,34,55,23
4/5/2023 00:00,40,60,20
4/5/2023 01:00,22,54,9
4/5/2023 02:00,21,44,22
4/5/2023 03:00,14,38,9
4/5/2023 04:00,13,23,6
4/5/2023 05:00,8,27,11
4/5/2023 06:00,12,42,41
4/5/2023 07:00,16,79,37
4/5/2023 08:00,62,110,65
4/5/2023 09:00,38,134,68
4/5/2023 10:00,52,115,85
4/5/2023 11:00,41,143,87
4/5/2023 12:00,47,156,92
4/5/2023 13:00,41,166,95
4/5/2023 14:00,50,172,94
4/5/2023 15:00,34,184,96
4/5/2023 16:00,49,158,99
4/5/2023 17:00,66,158,71
4/5/2023 18:00,35,148,92
4/5/2023 19:00,27,149,81
4/5/2023 20:00,21,114,58
4/5/2023 21:00,26,136,57
4/5/2023 22:00,27,91,53
4/5/2023 23:00,22,70,33
4/6/2023 00:00,18,76,27
4/6/2023 01:00,10,39,20
4/6/2023 02:00,9,41,16
4/6/2023 03:00,8,38,10
4/6/2023 04:00,10,27,20
4/6/2023 05:00,18,26,17
4/6/2023 06:00,20,62,35
4/6/2023 07:00,22,77,42
4/6/2023 08:00,52,112,77
4/6/2023 09:00,34,130,102
4/6/2023 10:00,60,140,106
4/6/2023 11:00,33,146,88
4/6/2023 12:00,37,180,90
4/6/2023 13:00,31,142,115
4/6/2023 14:00,36,127,116
4/6/2023 15:00,29,156,108
4/6/2023 16:00,58,152,106
4/6/2023 17:00,42,155,107
4/6/2023 18:00,31,171,100
4/6/2023 19:00,16,109,79
4/6/2023 20:00,29,115,63
4/6/2023 21:00,16,93,57
4/6/2023 22:00,25,135,50
4/6/2023 23:00,14,73,47
4/7/2023 00:00,14,78,30
4/7/2023 01:00,10,81,32
4/7/2023 02:00,25,44,18
4/7/2023 03:00,22,28,16
4/7/2023 04:00,10,43,19
4/7/2023 05:00,12,38,22
4/7/2023 06:00,17,59,29
4/7/2023 07:00,24,66,63
4/7/2023 08:00,32,99,69
4/7/2023 09:00,22,120,53
4/7/2023 10:00,45,129,90
4/7/2023 11:00,44,148,101
4/7/2023 12:00,40,153,94
4/7/2023 13:00,33,189,85
4/7/2023 14:00,45,169,114
4/7/2023 15:00,30,152,103
4/7/2023 16:00,28,137,117
4/7/2023 17:00,47,165,106
4/7/2023 18:00,38,145,121
4/7/2023 19:00,26,143,103
4/7/2023 20:00,26,129,84
4/7/2023 21:00,31,148,91
4/7/2023 22:00,23,69,96
4/7/2023 23:00,24,72,40
4/8/2023 00:00,13,64,26
4/8/2023 01:00,11,68,43
4/8/2023 02:00,16,41,44
4/8/2023 03:00,21,40,17
4/8/2023 04:00,7,33,21
4/8/2023 05:00,10,31,21
4/8/2023 06:00,9,32,28
4/8/2023 07:00,8,62,54
4/8/2023 08:00,16,68,73
4/8/2023 09:00,29,118,71
4/8/2023 10:00,28,109,91
4/8/2023 11:00,40,119,66
4/8/2023 12:00,27,114,84
4/8/2023 13:00,43,104,103
4/8/2023 14:00,34,117,102
4/8/2023 15:00,35,82,120
4/8/2023 16:00,28,82,85
4/8/2023 17:00,30,114,98
4/8/2023 18:00,29,108,95
4/8/2023 19:00,22,147,126
4/8/2023 20:00,29,108,61
4/8/2023 21:00,29,66,76
4/8/2023 22:00,19,108,114
4/8/2023 23:00,38,81,59
4/9/2023 00:00,14,83,62
4/9/2023 01:00,8,54,37
4/9/2023 02:00,20,88,23
4/9/2023 03:00,13,65,30
4/9/2023 04:00,8,38,9
4/9/2023 05:00,7,37,32
4/9/2023 06:00,11,27,28
4/9/2023 07:00,12,70,26
4/9/2023 08:00,19,46,78
4/9/2023 09:00,23,62,47
4/9/2023 10:00,19,67,75
4/9/2023 11:00,19,72,78
4/9/2023 12:00,33,107,73
4/9/2023 13:00,24,83,102
4/9/2023 14:00,34,118,120
4/9/2023 15:00,30,114,87
4/9/2023 16:00,21,113,83
4/9/2023 17:00,28,123,77
4/9/2023 18:00,22,89,127
4/9/2023 19:00,25,116,86
4/9/2023 20:00,20,91,81
4/9/2023 21:00,18,83,97
4/9/2023 22:00,17,100,80
4/9/2023 23:00,23,59,42
4/10/2023 00:00,14,51,61
4/10/2023 01:00,9,55,48
4/10/2023 02:00,16,44,32
4/10/2023 03:00,13,29,16
4/10/2023 04:00,6,28,18
4/10/2023 05:00,11,32,15
4/10/2023 06:00,21,60,29
4/10/2023 07:00,30,76,54
4/10/2023 08:00,30,111,72
4/10/2023 09:00,32,124,106
4/10/2023 10:00,44,138,88
4/10/2023 11:00,30,120,89
4/10/2023 12:00,34,131,115
4/10/2023 13:00,50,137,105
4/10/2023 14:00,51,148,94
4/10/2023 15:00,42,151,99
4/10/2023 16:00,37,145,102
4/10/2023 17:00,35,150,94
4/10/2023 18:00,48,141,81
4/10/2023 19:00,31,133,81
4/10/2023 20:00,26,105,58
4/10/2023 21:00,25,92,76
4/10/2023 22:00,29,72,53
4/10/2023 23:00,28,69,27
4/11/2023 00:00,20,54,13
4/11/2023 01:00,21,31,16
4/11/2023 02:00,17,21,11
4/11/2023 03:00,13,36,11
4/11/2023 04:00,10,31,7
4/11/2023 05:00,10,26,26
4/11/2023 06:00,16,47,27
4/11/2023 07:00,24,74,33
4/11/2023 08:00,23,136,74
4/11/2023 09:00,38,114,101
4/11/2023 10:00,48,99,81
4/11/2023 11:00,46,140,100
4/11/2023 12:00,45,142,76
4/11/2023 13:00,47,151,83
4/11/2023 14:00,58,156,96
4/11/2023 15:00,43,135,113
4/11/2023 16:00,48,155,96
4/11/2023 17:00,46,176,84
4/11/2023 18:00,34,159,77
4/11/2023 19:00,36,144,91
4/11/2023 20:00,20,117,57
4/11/2023 21:00,31,119,64
4/11/2023 22:00,23,78,47
4/11/2023 23:00,11,51,30
4/12/2023 00:00,29,48,23
4/12/2023 01:00,7,49,14
4/12/2023 02:00,5,43,23
4/12/2023 03:00,12,17,23
4/12/2023 04:00,8,19,6
4/12/2023 05:00,13,20,11
4/12/2023 06:00,16,42,21
4/12/2023 07:00,26,88,54
4/12/2023 08:00,37,132,93
4/12/2023 09:00,57,126,68
4/12/2023 10:00,45,117,79
4/12/2023 11:00,34,165,93
4/12/2023 12:00,37,159,110
4/12/2023 13:00,47,173,98
4/12/2023 14:00,37,136,86
4/12/2023 15:00,39,149,87
4/12/2023 16:00,55,159,74
4/12/2023 17:00,32,154,88
4/12/2023 18:00,48,194,80
4/12/2023 19:00,42,119,73
4/12/2023 20:00,25,116,48
4/12/2023 21:00,40,105,59
4/12/2023 22:00,25,92,51
4/12/2023 23:00,18,49,35
4/13/2023 00:00,14,87,21
4/13/2023 01:00,11,52,20
4/13/2023 02:00,6,36,16
4/13/2023 03:00,11,25,22
4/13/2023 04:00,8,22,23
4/13/2023 05:00,13,26,12
4/13/2023 06:00,20,37,23
4/13/2023 07:00,35,71,43
4/13/2023 08:00,45,108,78
4/13/2023 09:00,45,142,103
4/13/2023 10:00,61,163,84
4/13/2023 11:00,45,145,102
4/13/2023 12:00,36,139,114
4/13/2023 13:00,49,148,88
4/13/2023 14:00,52,151,85
4/13/2023 15:00,52,128,105
4/13/2023 16:00,30,168,99
4/13/2023 17:00,35,114,116
4/13/2023 18:00,48,101,63
4/13/2023 19:00,38,97,73
4/13/2023 20:00,40,110,78
4/13/2023 21:00,23,113,55
4/13/2023 22:00,15,94,48
4/13/2023 23:00,29,70,20
4/14/2023 00:00,11,39,24
4/14/2023 01:00,13,43,25
4/14/2023 02:00,8,35,11
4/14/2023 03:00,8,27,21
4/14/2023 04:00,5,33,10
4/14/2023 05:00,14,51,15
4/14/2023 06:00,20,58,19
4/14/2023 07:00,41,100,46
4/14/2023 08:00,50,138,57
4/14/2023 09:00,43,130,72
4/14/2023 10:00,64,130,75
4/14/2023 11:00,47,196,89
4/14/2023 12:00,48,149,94
4/14/2023 13:00,56,124,100
4/14/2023 14:00,60,191,101
4/14/2023 15:00,39,188,95
4/14/2023 16:00,43,184,120
4/14/2023 17:00,62,139,72
4/14/2023 18:00,27,155,84
4/14/2023 19:00,29,122,76
4/14/2023 20:00,19,142,45
4/14/2023 21:00,18,129,64
4/14/2023 22:00,28,81,66
4/14/2023 23:00,19,76,38
4/15/2023 00:00,17,85,45
4/15/2023 01:00,11,74,40
4/15/2023 02:00,15,56,45
4/15/2023 03:00,14,63,23
4/15/2023 04:00,9,70,6
4/15/2023 05:00,11,53,28
4/15/2023 06:00,13,43,29
4/15/2023 07:00,9,62,48
4/15/2023 08:00,17,66,57
4/15/2023 09:00,36,107,61
4/15/2023 10:00,30,132,69
4/15/2023 11:00,37,134,57
4/15/2023 12:00,45,120,89
4/15/2023 13:00,34,139,103
4/15/2023 14:00,35,138,91
4/15/2023 15:00,42,120,88
4/15/2023 16:00,34,163,76
4/15/2023 17:00,63,114,62
4/15/2023 18:00,36,149,78
4/15/2023 19:00,23,140,68
4/15/2023 20:00,39,128,68
4/15/2023 21:00,34,125,74
4/15/2023 22:00,25,92,75
4/15/2023 23:00,31,107,53
4/16/2023 00:00,35,107,33
4/16/2023 01:00,21,72,27
4/16/2023 02:00,24,100,15
4/16/2023 03:00,27,51,16
4/16/2023 04:00,9,26,27
4/16/2023 05:00,5,38,16
4/16/2023 06:00,12,37,14
4/16/2023 07:00,17,55,33
4/16/2023 08:00,26,60,37
4/16/2023 09:00,18,81,65
4/16/2023 10:00,19,68,70
4/16/2023 11:00,38,83,76
4/16/2023 12:00,39,105,75
4/16/2023 13:00,38,95,80
4/16/2023 14:00,24,103,86
4/16/2023 15:00,46,94,81
4/16/2023 16:00,33,94,76
4/16/2023 17:00,42,138,64
4/16/2023 18:00,42,107,61
4/16/2023 19:00,42,115,76
4/16/2023 20:00,31,111,75
4/16/2023 21:00,34,74,57
4/16/2023 22:00,27,58,63
4/16/2023 23:00,22,52,43
4/17/2023 00:00,17,44,21
4/17/2023 01:00,16,37,16
4/17/2023 02:00,17,41,17
4/17/2023 03:00,14,37,21
4/17/2023 04:00,7,32,15
4/17/2023 05:00,9,47,22
4/17/2023 06:00,24,49,29
4/17/2023 07:00,33,70,42
4/17/2023 08:00,27,93,84
4/17/2023 09:00,36,128,73
4/17/2023 10:00,49,167,87
4/17/2023 11:00,48,173,82
4/17/2023 12:00,56,156,95
4/17/2023 13:00,51,146,94
4/17/2023 14:00,72,166,113
4/17/2023 15:00,50,198,117
4/17/2023 16:00,69,212,118
4/17/2023 17:00,55,139,101
4/17/2023 18:00,43,134,84
4/17/2023 19:00,29,138,77
4/17/2023 20:00,28,110,205
4/17/2023 21:00,27,129,60
4/17/2023 22:00,29,78,35
4/17/2023 23:00,16,58,43
4/18/2023 00:00,11,54,33
4/18/2023 01:00,14,59,34
4/18/2023 02:00,7,29,14
4/18/2023 03:00,8,55,12
4/18/2023 04:00,3,35,16
4/18/2023 05:00,10,36,19
4/18/2023 06:00,31,55,18
4/18/2023 07:00,31,88,57
4/18/2023 08:00,46,143,61
4/18/2023 09:00,34,146,93
4/18/2023 10:00,47,158,63
4/18/2023 11:00,44,129,104
4/18/2023 12:00,60,172,103
4/18/2023 13:00,69,166,75
4/18/2023 14:00,53,149,106
4/18/2023 15:00,56,174,121
4/18/2023 16:00,57,236,90
4/18/2023 17:00,51,187,81
4/18/2023 18:00,38,189,85
4/18/2023 19:00,25,139,90
4/18/2023 20:00,33,116,45
4/18/2023 21:00,33,99,46
4/18/2023 22:00,25,107,45
4/18/2023 23:00,28,116,35
4/19/2023 00:00,11,105,19
4/19/2023 01:00,13,52,22
4/19/2023 02:00,16,29,16
4/19/2023 03:00,11,23,12
4/19/2023 04:00,11,40,17
4/19/2023 05:00,11,27,9
4/19/2023 06:00,26,44,16
4/19/2023 07:00,25,93,29
4/19/2023 08:00,46,98,62
4/19/2023 09:00,48,134,55
4/19/2023 10:00,43,181,104
4/19/2023 11:00,46,159,89
4/19/2023 12:00,38,140,75
4/19/2023 13:00,49,152,83
4/19/2023 14:00,41,148,63
4/19/2023 15:00,68,187,104
4/19/2023 16:00,42,267,105
4/19/2023 17:00,62,174,70
4/19/2023 18:00,41,129,66
4/19/2023 19:00,26,116,55
4/19/2023 20:00,34,108,61
4/19/2023 21:00,25,131,47
4/19/2023 22:00,20,79,56
4/19/2023 23:00,10,72,28
4/20/2023 00:00,19,47,28
4/20/2023 01:00,20,27,21
4/20/2023 02:00,24,49,15
4/20/2023 03:00,7,29,15
4/20/2023 04:00,10,36,10
4/20/2023 05:00,17,23,25
4/20/2023 06:00,21,44,43
4/20/2023 07:00,41,70,50
4/20/2023 08:00,47,106,77
4/20/2023 09:00,72,142,89
4/20/2023 10:00,58,134,124
4/20/2023 11:00,46,164,93
4/20/2023 12:00,47,159,84
4/20/2023 13:00,53,150,77
4/20/2023 14:00,42,165,81
4/20/2023 15:00,53,174,111
4/20/2023 16:00,41,150,89
4/20/2023 17:00,56,181,88
4/20/2023 18:00,37,131,108
4/20/2023 19:00,46,136,78
4/20/2023 20:00,49,159,48
4/20/2023 21:00,42,104,67
4/20/2023 22:00,65,80,65
4/20/2023 23:00,23,56,33
4/21/2023 00:00,20,41,22
4/21/2023 01:00,13,70,12
4/21/2023 02:00,13,35,12
4/21/2023 03:00,8,33,9
4/21/2023 04:00,10,35,9
4/21/2023 05:00,20,25,16
4/21/2023 06:00,14,55,34
4/21/2023 07:00,44,83,79
4/21/2023 08:00,51,92,72
4/21/2023 09:00,53,116,92
4/21/2023 10:00,51,140,104
4/21/2023 11:00,49,149,118
4/21/2023 12:00,55,176,104
4/21/2023 13:00,42,142,87
4/21/2023 14:00,36,182,90
4/21/2023 15:00,56,161,100
4/21/2023 16:00,38,173,105
4/21/2023 17:00,62,141,97
4/21/2023 18:00,44,149,114
4/21/2023 19:00,35,133,71
4/21/2023 20:00,38,122,67
4/21/2023 21:00,40,103,72
4/21/2023 22:00,25,120,74
4/21/2023 23:00,40,83,44
4/22/2023 00:00,18,57,28
4/22/2023 01:00,13,54,22
4/22/2023 02:00,11,53,32
4/22/2023 03:00,8,29,22
4/22/2023 04:00,12,22,12
4/22/2023 05:00,7,47,27
4/22/2023 06:00,12,61,37
4/22/2023 07:00,29,60,63
4/22/2023 08:00,30,47,67
4/22/2023 09:00,34,112,76
4/22/2023 10:00,45,100,96
4/22/2023 11:00,45,101,86
4/22/2023 12:00,29,150,118
4/22/2023 13:00,46,118,87
4/22/2023 14:00,28,96,77
4/22/2023 15:00,40,128,91
4/22/2023 16:00,57,112,101
4/22/2023 17:00,56,88,71
4/22/2023 18:00,35,135,93
4/22/2023 19:00,32,118,86
4/22/2023 20:00,34,107,84
4/22/2023 21:00,35,112,100
4/22/2023 22:00,34,111,117
4/22/2023 23:00,33,99,86
4/23/2023 00:00,34,79,64
4/23/2023 01:00,15,64,61
4/23/2023 02:00,15,57,36
4/23/2023 03:00,11,52,29
4/23/2023 04:00,12,51,31
4/23/2023 05:00,6,28,25
4/23/2023 06:00,24,22,22
4/23/2023 07:00,21,50,29
4/23/2023 08:00,21,72,64
4/23/2023 09:00,40,80,54
4/23/2023 10:00,30,85,58
4/23/2023 11:00,25,104,54
4/23/2023 12:00,24,105,66
4/23/2023 13:00,24,139,87
4/23/2023 14:00,34,118,73
4/23/2023 15:00,16,103,54
4/23/2023 16:00,25,107,91
4/23/2023 17:00,30,90,69
4/23/2023 18:00,23,102,62
4/23/2023 19:00,19,120,66
4/23/2023 20:00,32,103,70
4/23/2023 21:00,34,109,57
4/23/2023 22:00,32,110,48
4/23/2023 23:00,16,71,33
4/24/2023 00:00,17,48,32
4/24/2023 01:00,17,40,34
4/24/2023 02:00,13,30,27
4/24/2023 03:00,6,20,16
4/24/2023 04:00,17,24,13
4/24/2023 05:00,14,23,29
4/24/2023 06:00,18,59,22
4/24/2023 07:00,38,72,49
4/24/2023 08:00,42,117,100
4/24/2023 09:00,45,135,91
4/24/2023 10:00,63,166,86
4/24/2023 11:00,39,155,112
4/24/2023 12:00,50,154,76
4/24/2023 13:00,58,163,128
4/24/2023 14:00,55,162,129
4/24/2023 15:00,38,187,91
4/24/2023 16:00,40,119,94
4/24/2023 17:00,46,150,99
4/24/2023 18:00,44,134,84
4/24/2023 19:00,43,100,52
4/24/2023 20:00,31,116,59
4/24/2023 21:00,29,74,50
4/24/2023 22:00,29,76,18
4/24/2023 23:00,18,74,37
4/25/2023 00:00,17,53,17
4/25/2023 01:00,11,27,11
4/25/2023 02:00,9,26,19
4/25/2023 03:00,6,27,21
4/25/2023 04:00,10,27,8
4/25/2023 05:00,17,24,15
4/25/2023 06:00,19,31,32
4/25/2023 07:00,23,117,56
4/25/2023 08:00,41,134,78
4/25/2023 09:00,40,135,87
4/25/2023 10:00,35,173,75
4/25/2023 11:00,42,123,107
4/25/2023 12:00,56,126,105
4/25/2023 13:00,73,166,80
4/25/2023 14:00,45,163,111
4/25/2023 15:00,49,181,88
4/25/2023 16:00,43,174,130
4/25/2023 17:00,40,170,70
4/25/2023 18:00,29,169,77
4/25/2023 19:00,40,137,71
4/25/2023 20:00,29,95,70
4/25/2023 21:00,51,80,53
4/25/2023 22:00,24,72,50
4/25/2023 23:00,14,52,39
4/26/2023 00:00,19,64,34
4/26/2023 01:00,14,47,14
4/26/2023 02:00,10,16,15
4/26/2023 03:00,7,20,17
4/26/2023 04:00,8,29,8
4/26/2023 05:00,10,30,5
4/26/2023 06:00,12,52,28
4/26/2023 07:00,32,120,62
4/26/2023 08:00,40,108,76
4/26/2023 09:00,45,126,96
4/26/2023 10:00,46,130,88
4/26/2023 11:00,36,162,91
4/26/2023 12:00,38,142,100
4/26/2023 13:00,67,127,109
4/26/2023 14:00,42,156,113
4/26/2023 15:00,49,154,98
4/26/2023 16:00,35,166,136
4/26/2023 17:00,43,129,86
4/26/2023 18:00,31,131,58
4/26/2023 19:00,22,102,89
4/26/2023 20:00,25,90,72
4/26/2023 21:00,27,96,52
4/26/2023 22:00,16,78,38
4/26/2023 23:00,15,48,34
4/27/2023 00:00,13,45,25
4/27/2023 01:00,20,30,20
4/27/2023 02:00,8,40,18
4/27/2023 03:00,6,31,12
4/27/2023 04:00,12,17,17
4/27/2023 05:00,12,32,15
4/27/2023 06:00,21,40,38
4/27/2023 07:00,31,73,50
4/27/2023 08:00,33,98,65
4/27/2023 09:00,41,120,86
4/27/2023 10:00,39,121,91
4/27/2023 11:00,39,133,95
4/27/2023 12:00,66,165,84
4/27/2023 13:00,55,128,113
4/27/2023 14:00,53,134,132
4/27/2023 15:00,55,146,96
4/27/2023 16:00,43,172,115
4/27/2023 17:00,34,160,68
4/27/2023 18:00,45,129,63
4/27/2023 19:00,39,123,57
4/27/2023 20:00,26,88,62
4/27/2023 21:00,41,121,74
4/27/2023 22:00,34,65,42
4/27/2023 23:00,32,59,23
4/28/2023 00:00,21,54,35
4/28/2023 01:00,14,65,36
4/28/2023 02:00,13,47,24
4/28/2023 03:00,20,37,23
4/28/2023 04:00,16,41,14
4/28/2023 05:00,18,27,32
4/28/2023 06:00,21,62,26
4/28/2023 07:00,21,133,57
4/28/2023 08:00,50,113,90
4/28/2023 09:00,38,136,72
4/28/2023 10:00,38,165,116
4/28/2023 11:00,38,150,115
4/28/2023 12:00,43,113,101
4/28/2023 13:00,29,141,89
4/28/2023 14:00,52,161,134
4/28/2023 15:00,45,186,133
4/28/2023 16:00,49,185,88
4/28/2023 17:00,51,179,77
4/28/2023 18:00,37,179,96
4/28/2023 19:00,38,139,88
4/28/2023 20:00,29,121,61
4/28/2023 21:00,25,103,67
4/28/2023 22:00,31,144,76
4/28/2023 23:00,22,81,42
4/29/2023 00:00,13,75,29
4/29/2023 01:00,21,77,29
4/29/2023 02:00,20,76,21
4/29/2023 03:00,10,55,16
4/29/2023 04:00,10,57,14
4/29/2023 05:00,10,26,24
4/29/2023 06:00,12,44,25
4/29/2023 07:00,12,60,40
4/29/2023 08:00,27,79,60
4/29/2023 09:00,20,82,62
4/29/2023 10:00,33,103,86
4/29/2023 11:00,33,120,90
4/29/2023 12:00,30,123,59
4/29/2023 13:00,27,141,103
4/29/2023 14:00,33,143,97
4/29/2023 15:00,44,124,69
4/29/2023 16:00,35,136,77
4/29/2023 17:00,34,122,70
4/29/2023 18:00,36,135,87
4/29/2023 19:00,34,176,85
4/29/2023 20:00,32,123,81
4/29/2023 21:00,42,130,106
4/29/2023 22:00,26,144,112
4/29/2023 23:00,33,92,61
4/30/2023 00:00,25,68,55
4/30/2023 01:00,19,92,35
4/30/2023 02:00,21,80,39
4/30/2023 03:00,21,45,49
4/30/2023 04:00,27,49,25
4/30/2023 05:00,10,34,15
4/30/2023 06:00,9,37,23
4/30/2023 07:00,16,50,47
4/30/2023 08:00,19,59,51
4/30/2023 09:00,16,73,52
4/30/2023 10:00,27,104,67
4/30/2023 11:00,32,95,66
4/30/2023 12:00,25,110,67
4/30/2023 13:00,35,112,59
4/30/2023 14:00,28,126,83
4/30/2023 15:00,46,151,101
4/30/2023 16:00,57,120,85
4/30/2023 17:00,24,136,60
4/30/2023 18:00,20,107,64
4/30/2023 19:00,22,124,64
4/30/2023 20:00,27,89,61
4/30/2023 21:00,36,103,61
4/30/2023 22:00,17,77,41
4/30/2023 23:00,12,62,33
5/1/2023 00:00,19,47,18
5/1/2023 01:00,20,38,13
5/1/2023 02:00,14,51,10
5/1/2023 03:00,8,41,18
5/1/2023 04:00,6,42,18
5/1/2023 05:00,9,24,19
5/1/2023 06:00,29,53,35
5/1/2023 07:00,42,65,55
5/1/2023 08:00,55,116,75
5/1/2023 09:00,56,125,83
5/1/2023 10:00,54,148,66
5/1/2023 11:00,49,171,75
5/1/2023 12:00,53,172,111
5/1/2023 13:00,53,138,88
5/1/2023 14:00,64,209,99
5/1/2023 15:00,38,190,101
5/1/2023 16:00,40,200,101
5/1/2023 17:00,49,170,74
5/1/2023 18:00,52,137,77
5/1/2023 19:00,39,145,70
5/1/2023 20:00,27,128,53
5/1/2023 21:00,25,84,48
5/1/2023 22:00,24,78,30
5/1/2023 23:00,15,43,40
5/2/2023 00:00,15,50,25
5/2/2023 01:00,12,46,12
5/2/2023 02:00,17,24,20
5/2/2023 03:00,10,32,23
5/2/2023 04:00,8,18,37
5/2/2023 05:00,10,26,20
5/2/2023 06:00,14,50,30
5/2/2023 07:00,28,92,46
5/2/2023 08:00,35,108,72
5/2/2023 09:00,48,143,113
5/2/2023 10:00,39,140,70
5/2/2023 11:00,44,143,79
5/2/2023 12:00,45,169,104
5/2/2023 13:00,44,147,90
5/2/2023 14:00,36,163,102
5/2/2023 15:00,39,215,92
5/2/2023 16:00,50,177,93
5/2/2023 17:00,42,156,88
5/2/2023 18:00,38,148,57
5/2/2023 19:00,32,113,74
5/2/2023 20:00,34,123,55
5/2/2023 21:00,24,96,51
5/2/2023 22:00,24,80,55
5/2/2023 23:00,14,47,28
5/3/2023 00:00,16,45,19
5/3/2023 01:00,15,46,29
5/3/2023 02:00,10,35,12
5/3/2023 03:00,13,33,16
5/3/2023 04:00,10,31,18
5/3/2023 05:00,12,29,22
5/3/2023 06:00,33,53,27
5/3/2023 07:00,20,97,47
5/3/2023 08:00,50,121,80
5/3/2023 09:00,32,135,86
5/3/2023 10:00,34,136,72
5/3/2023 11:00,38,150,98
5/3/2023 12:00,47,131,90
5/3/2023 13:00,51,164,97
5/3/2023 14:00,43,190,96
5/3/2023 15:00,41,178,90
5/3/2023 16:00,41,164,93
5/3/2023 17:00,23,174,88
5/3/2023 18:00,27,146,57
5/3/2023 19:00,24,122,74
5/3/2023 20:00,37,140,55
5/3/2023 21:00,39,135,51
5/3/2023 22:00,15,64,55
5/3/2023 23:00,17,59,28
5/4/2023 00:00,14,35,19
5/4/2023 01:00,15,52,20
5/4/2023 02:00,12,49,10
5/4/2023 03:00,20,30,21
5/4/2023 04:00,12,29,14
5/4/2023 05:00,12,26,37
5/4/2023 06:00,11,73,36
5/4/2023 07:00,25,135,35
5/4/2023 08:00,49,115,94
5/4/2023 09:00,42,153,99
5/4/2023 10:00,56,148,95
5/4/2023 11:00,33,143,91
5/4/2023 12:00,50,135,94
5/4/2023 13:00,54,165,113
5/4/2023 14:00,43,172,89
5/4/2023 15:00,68,165,139
5/4/2023 16:00,42,157,100
5/4/2023 17:00,35,168,84
5/4/2023 18:00,31,154,99
5/4/2023 19:00,28,144,65
5/4/2023 20:00,42,128,58
5/4/2023 21:00,25,100,39
5/4/2023 22:00,23,102,44
5/4/2023 23:00,17,80,30
5/5/2023 00:00,12,60,51
5/5/2023 01:00,14,35,22
5/5/2023 02:00,12,48,8
5/5/2023 03:00,11,28,15
5/5/2023 04:00,13,33,6
5/5/2023 05:00,14,30,22
5/5/2023 06:00,20,53,35
5/5/2023 07:00,28,86,51
5/5/2023 08:00,36,114,75
5/5/2023 09:00,50,123,65
5/5/2023 10:00,48,150,75
5/5/2023 11:00,47,147,80
5/5/2023 12:00,41,127,78
5/5/2023 13:00,45,124,117
5/5/2023 14:00,55,154,80
5/5/2023 15:00,46,166,113
5/5/2023 16:00,54,178,117
5/5/2023 17:00,25,186,86
5/5/2023 18:00,39,165,85
5/5/2023 19:00,42,135,64
5/5/2023 20:00,31,142,59
5/5/2023 21:00,39,144,83
5/5/2023 22:00,50,122,91
5/5/2023 23:00,28,101,52
5/6/2023 00:00,41,90,34
5/6/2023 01:00,19,79,31
5/6/2023 02:00,26,71,24
5/6/2023 03:00,22,101,23
5/6/2023 04:00,14,50,14
5/6/2023 05:00,8,47,23
5/6/2023 06:00,9,43,24
5/6/2023 07:00,22,48,43
5/6/2023 08:00,24,62,49
5/6/2023 09:00,22,89,66
5/6/2023 10:00,51,99,80
5/6/2023 11:00,24,133,93
5/6/2023 12:00,28,147,70
5/6/2023 13:00,34,111,86
5/6/2023 14:00,55,139,99
5/6/2023 15:00,36,170,93
5/6/2023 16:00,32,154,72
5/6/2023 17:00,35,149,92
5/6/2023 18:00,41,138,110
5/6/2023 19:00,30,161,92
5/6/2023 20:00,35,164,87
5/6/2023 21:00,19,160,106
5/6/2023 22:00,29,165,57
5/6/2023 23:00,27,150,64
5/7/2023 00:00,19,71,56
5/7/2023 01:00,16,101,37
5/7/2023 02:00,20,48,27
5/7/2023 03:00,8,59,29
5/7/2023 04:00,5,31,13
5/7/2023 05:00,14,40,12
5/7/2023 06:00,13,33,28
5/7/2023 07:00,12,69,18
5/7/2023 08:00,12,53,52
5/7/2023 09:00,13,73,51
5/7/2023 10:00,19,118,59
5/7/2023 11:00,24,84,65
5/7/2023 12:00,23,144,68
5/7/2023 13:00,24,129,97
5/7/2023 14:00,24,138,75
5/7/2023 15:00,36,110,63
5/7/2023 16:00,26,158,62
5/7/2023 17:00,32,115,94
5/7/2023 18:00,18,107,76
5/7/2023 19:00,20,112,81
5/7/2023 20:00,25,93,90
5/7/2023 21:00,30,99,59
5/7/2023 22:00,13,106,59
5/7/2023 23:00,18,80,33
5/8/2023 00:00,12,61,21
5/8/2023 01:00,14,54,15
5/8/2023 02:00,11,52,15
5/8/2023 03:00,15,34,22
5/8/2023 04:00,6,28,15
5/8/2023 05:00,8,21,20
5/8/2023 06:00,23,66,40
5/8/2023 07:00,36,68,82
5/8/2023 08:00,52,137,90
5/8/2023 09:00,52,174,70
5/8/2023 10:00,53,146,84
5/8/2023 11:00,43,141,98
5/8/2023 12:00,51,162,101
5/8/2023 13:00,51,159,103
5/8/2023 14:00,69,169,118
5/8/2023 15:00,56,179,107
5/8/2023 16:00,39,139,112
5/8/2023 17:00,43,166,108
5/8/2023 18:00,46,156,95
5/8/2023 19:00,32,120,67
5/8/2023 20:00,29,117,63
5/8/2023 21:00,24,120,67
5/8/2023 22:00,19,87,53
5/8/2023 23:00,19,63,36
5/9/2023 00:00,7,56,31
5/9/2023 01:00,11,36,15
5/9/2023 02:00,11,29,11
5/9/2023 03:00,5,22,13
5/9/2023 04:00,14,50,27
5/9/2023 05:00,5,20,22
5/9/2023 06:00,20,53,31
5/9/2023 07:00,23,81,61
5/9/2023 08:00,30,97,65
5/9/2023 09:00,28,152,70
5/9/2023 10:00,46,254,102
5/9/2023 11:00,40,188,79
5/9/2023 12:00,61,177,99
5/9/2023 13:00,36,197,102
5/9/2023 14:00,30,177,114
5/9/2023 15:00,37,154,90
5/9/2023 16:00,45,199,95
5/9/2023 17:00,48,263,94
5/9/2023 18:00,30,253,71
5/9/2023 19:00,50,200,86
5/9/2023 20:00,30,133,52
5/9/2023 21:00,20,123,38
5/9/2023 22:00,31,87,34
5/9/2023 23:00,23,81,34
5/10/2023 00:00,10,60,16
5/10/2023 01:00,19,43,24
5/10/2023 02:00,16,39,27
5/10/2023 03:00,46,29,19
5/10/2023 04:00,15,19,12
5/10/2023 05:00,22,37,32
5/10/2023 06:00,23,45,36
5/10/2023 07:00,33,80,44
5/10/2023 08:00,43,123,74
5/10/2023 09:00,45,119,72
5/10/2023 10:00,45,147,97
5/10/2023 11:00,59,153,81
5/10/2023 12:00,37,159,79
5/10/2023 13:00,60,207,75
5/10/2023 14:00,67,169,99
5/10/2023 15:00,55,157,107
5/10/2023 16:00,37,182,108
5/10/2023 17:00,54,169,116
5/10/2023 18:00,28,141,88
5/10/2023 19:00,30,155,71
5/10/2023 20:00,38,95,74
5/10/2023 21:00,26,102,55
5/10/2023 22:00,14,71,40
5/10/2023 23:00,17,58,28
5/11/2023 00:00,11,78,17
5/11/2023 01:00,10,58,28
5/11/2023 02:00,17,47,13
5/11/2023 03:00,10,36,15
5/11/2023 04:00,7,21,25
5/11/2023 05:00,18,39,28
5/11/2023 06:00,23,52,28
5/11/2023 07:00,30,83,61
5/11/2023 08:00,44,104,95
5/11/2023 09:00,33,154,102
5/11/2023 10:00,56,170,102
5/11/2023 11:00,77,171,88
5/11/2023 12:00,50,142,102
5/11/2023 13:00,59,151,86
5/11/2023 14:00,51,170,112
5/11/2023 15:00,37,190,83
5/11/2023 16:00,50,188,95
5/11/2023 17:00,46,164,85
5/11/2023 18:00,39,123,79
5/11/2023 19:00,37,147,109
5/11/2023 20:00,31,94,103
5/11/2023 21:00,39,98,77
5/11/2023 22:00,30,90,58
5/11/2023 23:00,27,76,39
5/12/2023 00:00,23,49,28
5/12/2023 01:00,21,45,24
5/12/2023 02:00,20,41,19
5/12/2023 03:00,11,30,12
5/12/2023 04:00,10,36,11
5/12/2023 05:00,12,43,22
5/12/2023 06:00,15,68,55
5/12/2023 07:00,25,92,45
5/12/2023 08:00,42,103,72
5/12/2023 09:00,46,127,69
5/12/2023 10:00,53,129,104
5/12/2023 11:00,43,151,85
5/12/2023 12:00,42,150,77
5/12/2023 13:00,95,162,70
5/12/2023 14:00,56,182,100
5/12/2023 15:00,76,212,76
5/12/2023 16:00,47,197,139
5/12/2023 17:00,44,179,109
5/12/2023 18:00,45,149,105
5/12/2023 19:00,60,138,78
5/12/2023 20:00,37,130,81
5/12/2023 21:00,28,125,71
5/12/2023 22:00,16,102,52
5/12/2023 23:00,33,79,40
5/13/2023 00:00,23,57,35
5/13/2023 01:00,15,44,24
5/13/2023 02:00,15,65,27
5/13/2023 03:00,18,51,19
5/13/2023 04:00,12,46,12
5/13/2023 05:00,11,32,35
5/13/2023 06:00,25,40,36
5/13/2023 07:00,23,62,44
5/13/2023 08:00,37,73,74
5/13/2023 09:00,30,84,72
5/13/2023 10:00,24,116,97
5/13/2023 11:00,39,131,81
5/13/2023 12:00,25,150,79
5/13/2023 13:00,25,170,75
5/13/2023 14:00,35,140,85
5/13/2023 15:00,29,103,88
5/13/2023 16:00,27,130,92
5/13/2023 17:00,39,144,68
5/13/2023 18:00,22,121,80
5/13/2023 19:00,27,133,75
5/13/2023 20:00,37,142,78
5/13/2023 21:00,26,145,72
5/13/2023 22:00,26,117,73
5/13/2023 23:00,21,125,91
5/14/2023 00:00,22,105,40
5/14/2023 01:00,22,68,30
5/14/2023 02:00,34,68,22
5/14/2023 03:00,18,59,20
5/14/2023 04:00,6,32,12
5/14/2023 05:00,10,27,14
5/14/2023 06:00,21,39,20
5/14/2023 07:00,13,53,32
5/14/2023 08:00,22,64,43
5/14/2023 09:00,22,75,42
5/14/2023 10:00,28,89,48
5/14/2023 11:00,35,94,60
5/14/2023 12:00,43,98,76
5/14/2023 13:00,27,109,64
5/14/2023 14:00,22,139,69
5/14/2023 15:00,36,111,74
5/14/2023 16:00,18,105,74
5/14/2023 17:00,42,122,95
5/14/2023 18:00,31,160,55
5/14/2023 19:00,35,124,68
5/14/2023 20:00,28,98,68
5/14/2023 21:00,23,134,55
5/14/2023 22:00,29,94,68
5/14/2023 23:00,22,81,33
5/15/2023 00:00,15,61,19
5/15/2023 01:00,17,52,17
5/15/2023 02:00,13,38,13
5/15/2023 03:00,10,31,12
5/15/2023 04:00,13,33,15
5/15/2023 05:00,14,39,19
5/15/2023 06:00,29,48,22
5/15/2023 07:00,39,129,53
5/15/2023 08:00,68,153,70
5/15/2023 09:00,69,158,87
5/15/2023 10:00,50,183,86
5/15/2023 11:00,52,162,100
5/15/2023 12:00,42,195,71
5/15/2023 13:00,46,178,96
5/15/2023 14:00,33,173,120
5/15/2023 15:00,58,239,82
5/15/2023 16:00,45,225,78
5/15/2023 17:00,49,196,112
5/15/2023 18:00,36,143,86
5/15/2023 19:00,34,124,85
5/15/2023 20:00,31,102,50
5/15/2023 21:00,28,94,51
5/15/2023 22:00,27,66,39
5/15/2023 23:00,19,56,27
5/16/2023 00:00,28,39,20
5/16/2023 01:00,12,33,9
5/16/2023 02:00,13,31,11
5/16/2023 03:00,10,24,13
5/16/2023 04:00,9,19,17
5/16/2023 05:00,14,37,18
5/16/2023 06:00,24,42,39
5/16/2023 07:00,33,105,49
5/16/2023 08:00,42,111,66
5/16/2023 09:00,42,151,102
5/16/2023 10:00,46,144,114
5/16/2023 11:00,63,135,107
5/16/2023 12:00,29,168,94
5/16/2023 13:00,61,182,96
5/16/2023 14:00,56,177,113
5/16/2023 15:00,37,202,126
5/16/2023 16:00,45,201,72
5/16/2023 17:00,51,161,80
5/16/2023 18:00,38,172,88
5/16/2023 19:00,26,149,81
5/16/2023 20:00,25,159,47
5/16/2023 21:00,25,120,43
5/16/2023 22:00,19,104,51
5/16/2023 23:00,21,56,25
5/17/2023 00:00,15,66,29
5/17/2023 01:00,12,45,38
5/17/2023 02:00,20,34,7
5/17/2023 03:00,6,47,19
5/17/2023 04:00,19,17,12
5/17/2023 05:00,8,40,17
5/17/2023 06:00,25,47,28
5/17/2023 07:00,29,99,77
5/17/2023 08:00,43,127,82
5/17/2023 09:00,56,145,100
5/17/2023 10:00,40,153,78
5/17/2023 11:00,67,186,84
5/17/2023 12:00,48,178,84
5/17/2023 13:00,61,156,107
5/17/2023 14:00,49,151,118
5/17/2023 15:00,67,136,109
5/17/2023 16:00,70,202,103
5/17/2023 17:00,43,153,86
5/17/2023 18:00,41,129,86
5/17/2023 19:00,32,141,86
5/17/2023 20:00,26,90,52
5/17/2023 21:00,46,96,80
5/17/2023 22:00,35,87,51
5/17/2023 23:00,14,67,40
5/18/2023 00:00,13,57,21
5/18/2023 01:00,14,34,18
5/18/2023 02:00,13,22,6
5/18/2023 03:00,16,31,32
5/18/2023 04:00,20,15,23
5/18/2023 05:00,9,29,17
5/18/2023 06:00,30,47,36
5/18/2023 07:00,36,81,52
5/18/2023 08:00,50,114,83
5/18/2023 09:00,44,125,69
5/18/2023 10:00,35,148,70
5/18/2023 11:00,38,161,113
5/18/2023 12:00,53,165,118
5/18/2023 13:00,54,136,84
5/18/2023 14:00,40,123,78
5/18/2023 15:00,55,154,96
5/18/2023 16:00,34,149,90
5/18/2023 17:00,38,146,88
5/18/2023 18:00,46,96,110
5/18/2023 19:00,24,98,74
5/18/2023 20:00,33,75,70
5/18/2023 21:00,35,69,41
5/18/2023 22:00,26,73,58
5/18/2023 23:00,18,76,40
5/19/2023 00:00,14,61,25
5/19/2023 01:00,9,37,30
5/19/2023 02:00,6,27,30
5/19/2023 03:00,19,29,12
5/19/2023 04:00,12,29,10
5/19/2023 05:00,13,36,14
5/19/2023 06:00,21,43,30
5/19/2023 07:00,29,122,50
5/19/2023 08:00,35,103,68
5/19/2023 09:00,38,134,79
5/19/2023 10:00,33,153,68
5/19/2023 11:00,33,136,87
5/19/2023 12:00,45,138,115
5/19/2023 13:00,54,158,110
5/19/2023 14:00,51,152,92
5/19/2023 15:00,45,204,106
5/19/2023 16:00,37,146,85
5/19/2023 17:00,49,143,100
5/19/2023 18:00,24,131,92
5/19/2023 19:00,61,132,68
5/19/2023 20:00,24,160,65
5/19/2023 21:00,24,118,78
5/19/2023 22:00,25,89,62
5/19/2023 23:00,25,98,55
5/20/2023 00:00,18,71,29
5/20/2023 01:00,24,72,47
5/20/2023 02:00,19,76,27
5/20/2023 03:00,7,32,32
5/20/2023 04:00,12,37,18
5/20/2023 05:00,16,25,22
5/20/2023 06:00,12,31,35
5/20/2023 07:00,15,91,45
5/20/2023 08:00,21,57,46
5/20/2023 09:00,26,84,45
5/20/2023 10:00,22,121,70
5/20/2023 11:00,29,142,82
5/20/2023 12:00,36,148,97
5/20/2023 13:00,37,100,81
5/20/2023 14:00,24,120,79
5/20/2023 15:00,36,127,112
5/20/2023 16:00,44,161,61
5/20/2023 17:00,33,122,75
5/20/2023 18:00,33,129,78
5/20/2023 19:00,29,147,89
5/20/2023 20:00,33,106,91
5/20/2023 21:00,20,147,115
5/20/2023 22:00,20,140,134
5/20/2023 23:00,23,89,105
5/21/2023 00:00,16,67,55
5/21/2023 01:00,20,82,46
5/21/2023 02:00,10,49,60
5/21/2023 03:00,13,33,33
5/21/2023 04:00,19,50,26
5/21/2023 05:00,10,44,29
5/21/2023 06:00,11,35,32
5/21/2023 07:00,24,50,46
5/21/2023 08:00,21,70,50
5/21/2023 09:00,25,90,45
5/21/2023 10:00,29,87,71
5/21/2023 11:00,22,108,83
5/21/2023 12:00,35,100,82
5/21/2023 13:00,50,97,79
5/21/2023 14:00,30,146,80
5/21/2023 15:00,43,122,87
5/21/2023 16:00,35,105,94
5/21/2023 17:00,42,111,55
5/21/2023 18:00,29,102,74
5/21/2023 19:00,24,117,79
5/21/2023 20:00,25,116,80
5/21/2023 21:00,16,106,69
5/21/2023 22:00,23,77,60
5/21/2023 23:00,18,79,64
5/22/2023 00:00,20,61,36
5/22/2023 01:00,22,41,27
5/22/2023 02:00,17,37,18
5/22/2023 03:00,3,39,7
5/22/2023 04:00,17,28,15
5/22/2023 05:00,14,42,25
5/22/2023 06:00,24,55,39
5/22/2023 07:00,38,85,57
5/22/2023 08:00,43,104,80
5/22/2023 09:00,55,133,63
5/22/2023 10:00,60,118,81
5/22/2023 11:00,36,155,97
5/22/2023 12:00,51,174,119
5/22/2023 13:00,45,168,119
5/22/2023 14:00,64,208,109
5/22/2023 15:00,53,214,92
5/22/2023 16:00,46,192,104
5/22/2023 17:00,44,158,97
5/22/2023 18:00,45,155,75
5/22/2023 19:00,40,169,83
5/22/2023 20:00,33,131,65
5/22/2023 21:00,32,92,61
5/22/2023 22:00,46,96,59
5/22/2023 23:00,19,40,42
5/23/2023 00:00,13,66,30
5/23/2023 01:00,11,37,18
5/23/2023 02:00,16,38,20
5/23/2023 03:00,11,44,12
5/23/2023 04:00,9,38,21
5/23/2023 05:00,9,29,16
5/23/2023 06:00,19,82,33
5/23/2023 07:00,37,91,33
5/23/2023 08:00,32,118,84
5/23/2023 09:00,47,116,94
5/23/2023 10:00,59,138,89
5/23/2023 11:00,54,144,109
5/23/2023 12:00,44,157,98
5/23/2023 13:00,41,153,132
5/23/2023 14:00,36,167,115
5/23/2023 15:00,41,176,107
5/23/2023 16:00,39,198,104
5/23/2023 17:00,57,134,111
5/23/2023 18:00,35,132,92
5/23/2023 19:00,33,143,51
5/23/2023 20:00,31,86,70
5/23/2023 21:00,21,102,43
5/23/2023 22:00,24,88,51
5/23/2023 23:00,18,103,20
5/24/2023 00:00,9,62,24
5/24/2023 01:00,11,29,23
5/24/2023 02:00,10,40,25
5/24/2023 03:00,7,58,21
5/24/2023 04:00,7,25,6
5/24/2023 05:00,15,31,23
5/24/2023 06:00,20,61,33
5/24/2023 07:00,26,80,43
5/24/2023 08:00,32,79,76
5/24/2023 09:00,41,133,82
5/24/2023 10:00,47,141,93
5/24/2023 11:00,55,156,84
5/24/2023 12:00,42,154,99
5/24/2023 13:00,53,116,97
5/24/2023 14:00,61,154,91
5/24/2023 15:00,52,175,115
5/24/2023 16:00,49,151,101
5/24/2023 17:00,45,144,82
5/24/2023 18:00,36,170,69
5/24/2023 19:00,45,147,63
5/24/2023 20:00,49,114,80
5/24/2023 21:00,33,99,55
5/24/2023 22:00,24,94,51
5/24/2023 23:00,27,74,26
5/25/2023 00:00,11,42,22
5/25/2023 01:00,16,39,29
5/25/2023 02:00,22,37,20
5/25/2023 03:00,14,28,15
5/25/2023 04:00,8,33,21
5/25/2023 05:00,8,27,17
5/25/2023 06:00,18,57,30
5/25/2023 07:00,36,106,59
5/25/2023 08:00,30,96,68
5/25/2023 09:00,56,138,92
5/25/2023 10:00,58,139,75
5/25/2023 11:00,59,141,96
5/25/2023 12:00,44,187,118
5/25/2023 13:00,43,161,105
5/25/2023 14:00,30,176,97
5/25/2023 15:00,49,164,123
5/25/2023 16:00,40,214,89
5/25/2023 17:00,46,176,88
5/25/2023 18:00,40,173,79
5/25/2023 19:00,38,175,66
5/25/2023 20:00,19,91,65
5/25/2023 21:00,32,93,48
5/25/2023 22:00,20,92,53
5/25/2023 23:00,30,63,34
5/26/2023 00:00,14,75,29
5/26/2023 01:00,15,34,31
5/26/2023 02:00,9,36,16
5/26/2023 03:00,15,29,38
5/26/2023 04:00,17,46,20
5/26/2023 05:00,13,17,14
5/26/2023 06:00,22,44,33
5/26/2023 07:00,32,89,47
5/26/2023 08:00,37,115,49
5/26/2023 09:00,39,151,84
5/26/2023 10:00,34,170,125
5/26/2023 11:00,24,136,122
5/26/2023 12:00,34,150,113
5/26/2023 13:00,40,179,84
5/26/2023 14:00,35,195,111
5/26/2023 15:00,49,168,88
5/26/2023 16:00,52,173,97
5/26/2023 17:00,36,137,112
5/26/2023 18:00,33,127,88
5/26/2023 19:00,59,107,83
5/26/2023 20:00,39,115,77
5/26/2023 21:00,33,120,70
5/26/2023 22:00,19,88,65
5/26/2023 23:00,33,84,34
5/27/2023 00:00,17,64,43
5/27/2023 01:00,19,49,50
5/27/2023 02:00,11,29,39
5/27/2023 03:00,15,36,24
5/27/2023 04:00,15,39,20
5/27/2023 05:00,11,17,15
5/27/2023 06:00,9,49,35
5/27/2023 07:00,20,59,33
5/27/2023 08:00,30,56,60
5/27/2023 09:00,22,92,83
5/27/2023 10:00,48,125,77
5/27/2023 11:00,44,117,72
5/27/2023 12:00,29,131,96
5/27/2023 13:00,47,87,69
5/27/2023 14:00,38,104,63
5/27/2023 15:00,35,97,88
5/27/2023 16:00,33,95,94
5/27/2023 17:00,24,123,77
5/27/2023 18:00,20,121,99
5/27/2023 19:00,40,126,82
5/27/2023 20:00,35,113,105
5/27/2023 21:00,24,158,107
5/27/2023 22:00,24,114,127
5/27/2023 23:00,22,94,93
5/28/2023 00:00,36,93,77
5/28/2023 01:00,13,78,45
5/28/2023 02:00,17,39,35
5/28/2023 03:00,13,34,28
5/28/2023 04:00,16,28,12
5/28/2023 05:00,15,36,18
5/28/2023 06:00,13,26,30
5/28/2023 07:00,11,48,43
5/28/2023 08:00,25,51,51
5/28/2023 09:00,14,69,50
5/28/2023 10:00,17,60,59
5/28/2023 11:00,22,47,61
5/28/2023 12:00,17,116,50
5/28/2023 13:00,31,94,72
5/28/2023 14:00,42,109,91
5/28/2023 15:00,39,11,86
5/28/2023 16:00,29,93,85
5/28/2023 17:00,19,74,88
5/28/2023 18:00,25,65,71
5/28/2023 19:00,48,97,58
5/28/2023 20:00,30,138,97
5/28/2023 21:00,30,133,76
5/28/2023 22:00,36,105,68
5/28/2023 23:00,16,96,41
5/29/2023 00:00,16,79,38
5/29/2023 01:00,25,52,25
5/29/2023 02:00,17,55,29
5/29/2023 03:00,10,31,22
5/29/2023 04:00,7,18,19
5/29/2023 05:00,8,24,35
5/29/2023 06:00,6,29,27
5/29/2023 07:00,27,34,29
5/29/2023 08:00,16,57,51
5/29/2023 09:00,25,104,65
5/29/2023 10:00,31,103,70
5/29/2023 11:00,35,93,82
5/29/2023 12:00,28,79,57
5/29/2023 13:00,17,123,61
5/29/2023 14:00,37,116,74
5/29/2023 15:00,27,111,62
5/29/2023 16:00,23,119,46
5/29/2023 17:00,16,116,50
5/29/2023 18:00,24,154,84
5/29/2023 19:00,16,108,60
5/29/2023 20:00,19,140,66
5/29/2023 21:00,20,98,47
5/29/2023 22:00,15,94,55
5/29/2023 23:00,14,72,43
5/30/2023 00:00,14,56,17
5/30/2023 01:00,18,46,19
5/30/2023 02:00,5,43,19
5/30/2023 03:00,18,35,9
5/30/2023 04:00,6,16,9
5/30/2023 05:00,14,27,10
5/30/2023 06:00,13,39,19
5/30/2023 07:00,18,80,51
5/30/2023 08:00,35,103,83
5/30/2023 09:00,32,154,64
5/30/2023 10:00,52,170,93
5/30/2023 11:00,52,158,82
5/30/2023 12:00,48,169,116
5/30/2023 13:00,59,179,89
5/30/2023 14:00,55,194,108
5/30/2023 15:00,37,152,111
5/30/2023 16:00,47,145,92
5/30/2023 17:00,33,138,80
5/30/2023 18:00,50,154,57
5/30/2023 19:00,31,117,83
5/30/2023 20:00,31,105,52
5/30/2023 21:00,25,102,38
5/30/2023 22:00,22,91,46
5/30/2023 23:00,23,54,35
5/31/2023 00:00,26,63,17
5/31/2023 01:00,18,72,18
5/31/2023 02:00,19,35,19
5/31/2023 03:00,11,23,23
5/31/2023 04:00,9,44,11
5/31/2023 05:00,20,44,20
5/31/2023 06:00,14,50,30
5/31/2023 07:00,18,74,58
5/31/2023 08:00,51,99,101
5/31/2023 09:00,44,140,154
5/31/2023 10:00,37,164,96
5/31/2023 11:00,60,164,121
5/31/2023 12:00,52,145,131
5/31/2023 13:00,50,149,103
5/31/2023 14:00,62,150,103
5/31/2023 15:00,60,151,99
5/31/2023 16:00,37,146,111
5/31/2023 17:00,61,154,107
5/31/2023 18:00,50,157,101
5/31/2023 19:00,59,130,91
5/31/2023 20:00,64,106,78
5/31/2023 21:00,18,108,91
5/31/2023 22:00,34,79,60
5/31/2023 23:00,26,80,30
6/1/2023 00:00,14,60,32
6/1/2023 01:00,19,49,24
6/1/2023 02:00,15,22,18
6/1/2023 03:00,7,32,18
6/1/2023 04:00,17,35,19
6/1/2023 05:00,18,30,36
6/1/2023 06:00,20,66,30
6/1/2023 07:00,34,74,101
6/1/2023 08:00,39,107,117
6/1/2023 09:00,44,124,86
6/1/2023 10:00,50,136,101
6/1/2023 11:00,47,148,98
6/1/2023 12:00,54,198,128
6/1/2023 13:00,49,189,88
6/1/2023 14:00,39,161,79
6/1/2023 15:00,43,157,105
6/1/2023 16:00,54,161,105
6/1/2023 17:00,46,181,60
6/1/2023 18:00,64,129,67
6/1/2023 19:00,43,137,64
6/1/2023 20:00,41,148,74
6/1/2023 21:00,37,153,43
6/1/2023 22:00,22,108,49
6/1/2023 23:00,20,95,36
6/2/2023 00:00,11,80,32
6/2/2023 01:00,17,63,19
6/2/2023 02:00,11,83,22
6/2/2023 03:00,10,64,21
6/2/2023 04:00,14,32,13
6/2/2023 05:00,10,25,7
6/2/2023 06:00,15,64,28
6/2/2023 07:00,27,89,50
6/2/2023 08:00,43,120,71
6/2/2023 09:00,58,141,77
6/2/2023 10:00,40,193,99
6/2/2023 11:00,49,159,88
6/2/2023 12:00,44,170,110
6/2/2023 13:00,55,180,92
6/2/2023 14:00,79,214,84
6/2/2023 15:00,62,168,98
6/2/2023 16:00,58,175,72
6/2/2023 17:00,79,191,105
6/2/2023 18:00,37,182,73
6/2/2023 19:00,29,172,65
6/2/2023 20:00,30,165,60
6/2/2023 21:00,30,145,104
6/2/2023 22:00,23,153,70
6/2/2023 23:00,24,91,43
6/3/2023 00:00,17,86,27
6/3/2023 01:00,15,46,22
6/3/2023 02:00,10,71,28
6/3/2023 03:00,13,56,12
6/3/2023 04:00,9,44,24
6/3/2023 05:00,10,21,11
6/3/2023 06:00,13,49,28
6/3/2023 07:00,19,47,27
6/3/2023 08:00,30,54,62
6/3/2023 09:00,38,99,62
6/3/2023 10:00,70,135,61
6/3/2023 11:00,48,157,83
6/3/2023 12:00,37,127,70
6/3/2023 13:00,55,125,88
6/3/2023 14:00,51,119,62
6/3/2023 15:00,41,117,66
6/3/2023 16:00,30,155,60
6/3/2023 17:00,27,125,78
6/3/2023 18:00,48,137,74
6/3/2023 19:00,34,158,77
6/3/2023 20:00,37,138,74
6/3/2023 21:00,31,193,43
6/3/2023 22:00,31,164,49
6/3/2023 23:00,27,135,36
6/4/2023 00:00,25,129,53
6/4/2023 01:00,23,77,63
6/4/2023 02:00,21,66,31
6/4/2023 03:00,13,49,23
6/4/2023 04:00,12,43,20
6/4/2023 05:00,8,36,32
6/4/2023 06:00,20,26,26
6/4/2023 07:00,15,68,64
6/4/2023 08:00,20,65,47
6/4/2023 09:00,23,73,51
6/4/2023 10:00,30,100,56
6/4/2023 11:00,27,113,74
6/4/2023 12:00,26,124,63
6/4/2023 13:00,36,177,86
6/4/2023 14:00,31,131,55
6/4/2023 15:00,41,106,90
6/4/2023 16:00,55,136,78
6/4/2023 17:00,23,104,73
6/4/2023 18:00,40,175,85
6/4/2023 19:00,30,138,91
6/4/2023 20:00,34,112,80
6/4/2023 21:00,29,120,64
6/4/2023 22:00,24,80,55
6/4/2023 23:00,19,96,35
6/5/2023 00:00,16,50,47
6/5/2023 01:00,10,38,31
6/5/2023 02:00,10,50,18
6/5/2023 03:00,17,30,14
6/5/2023 04:00,8,20,13
6/5/2023 05:00,21,42,19
6/5/2023 06:00,16,58,36
6/5/2023 07:00,40,67,42
6/5/2023 08:00,43,113,65
6/5/2023 09:00,47,154,103
6/5/2023 10:00,30,163,67
6/5/2023 11:00,51,115,102
6/5/2023 12:00,54,158,111
6/5/2023 13:00,41,144,96
6/5/2023 14:00,39,162,82
6/5/2023 15:00,69,170,100
6/5/2023 16:00,39,159,81
6/5/2023 17:00,48,135,91
6/5/2023 18:00,37,152,84
6/5/2023 19:00,40,136,73
6/5/2023 20:00,43,91,70
6/5/2023 21:00,35,84,52
6/5/2023 22:00,31,92,50
6/5/2023 23:00,13,65,23
6/6/2023 00:00,26,53,35
6/6/2023 01:00,24,49,22
6/6/2023 02:00,8,30,16
6/6/2023 03:00,10,19,15
6/6/2023 04:00,21,25,15
6/6/2023 05:00,22,41,30
6/6/2023 06:00,14,46,37
6/6/2023 07:00,31,58,39
6/6/2023 08:00,45,88,64
6/6/2023 09:00,50,120,93
6/6/2023 10:00,51,147,94
6/6/2023 11:00,37,162,111
6/6/2023 12:00,41,176,81
6/6/2023 13:00,55,163,95
6/6/2023 14:00,60,163,95
6/6/2023 15:00,44,158,95
6/6/2023 16:00,50,178,82
6/6/2023 17:00,42,228,94
6/6/2023 18:00,45,145,63
6/6/2023 19:00,34,109,75
6/6/2023 20:00,30,136,62
6/6/2023 21:00,27,117,45
6/6/2023 22:00,34,80,38
6/6/2023 23:00,23,75,30
6/7/2023 00:00,11,68,15
6/7/2023 01:00,17,42,16
6/7/2023 02:00,13,48,16
6/7/2023 03:00,9,53,10
6/7/2023 04:00,13,33,18
6/7/2023 05:00,9,39,15
6/7/2023 06:00,28,47,29
6/7/2023 07:00,28,93,53
6/7/2023 08:00,46,115,85
6/7/2023 09:00,47,152,73
6/7/2023 10:00,49,201,76
6/7/2023 11:00,58,159,60
6/7/2023 12:00,43,173,92
6/7/2023 13:00,43,192,88
6/7/2023 14:00,53,183,82
6/7/2023 15:00,60,158,93
6/7/2023 16:00,36,167,95
6/7/2023 17:00,38,181,124
6/7/2023 18:00,37,143,70
6/7/2023 19:00,33,130,71
6/7/2023 20:00,40,115,75
6/7/2023 21:00,24,110,74
6/7/2023 22:00,37,96,57
6/7/2023 23:00,21,70,42
6/8/2023 00:00,15,36,36
6/8/2023 01:00,17,48,29
6/8/2023 02:00,12,36,12
6/8/2023 03:00,19,46,14
6/8/2023 04:00,11,31,14
6/8/2023 05:00,17,49,17
6/8/2023 06:00,21,42,40
6/8/2023 07:00,24,48,47
6/8/2023 08:00,39,74,53
6/8/2023 09:00,50,123,94
6/8/2023 10:00,57,143,123
6/8/2023 11:00,59,157,105
6/8/2023 12:00,54,142,102
6/8/2023 13:00,70,180,139
6/8/2023 14:00,43,171,101
6/8/2023 15:00,50,168,118
6/8/2023 16:00,41,137,118
6/8/2023 17:00,44,170,97
6/8/2023 18:00,40,120,78
6/8/2023 19:00,27,116,66
6/8/2023 20:00,20,99,67
6/8/2023 21:00,29,126,63
6/8/2023 22:00,28,90,63
6/8/2023 23:00,14,71,51
6/9/2023 00:00,15,64,27
6/9/2023 01:00,8,45,30
6/9/2023 02:00,10,49,19
6/9/2023 03:00,18,20,30
6/9/2023 04:00,14,31,26
6/9/2023 05:00,19,19,17
6/9/2023 06:00,19,59,30
6/9/2023 07:00,37,78,36
6/9/2023 08:00,25,83,75
6/9/2023 09:00,36,112,73
6/9/2023 10:00,30,139,72
6/9/2023 11:00,45,114,101
6/9/2023 12:00,32,152,109
6/9/2023 13:00,50,147,105
6/9/2023 14:00,39,162,117
6/9/2023 15:00,41,175,128
6/9/2023 16:00,55,199,101
6/9/2023 17:00,48,152,98
6/9/2023 18:00,54,147,79
6/9/2023 19:00,34,125,77
6/9/2023 20:00,20,100,57
6/9/2023 21:00,34,124,63
6/9/2023 22:00,29,102,78
6/9/2023 23:00,21,100,74
6/10/2023 00:00,16,58,45
6/10/2023 01:00,13,60,32
6/10/2023 02:00,13,40,28
6/10/2023 03:00,7,31,19
6/10/2023 04:00,4,23,13
6/10/2023 05:00,8,42,19
6/10/2023 06:00,16,30,29
6/10/2023 07:00,9,82,21
6/10/2023 08:00,23,71,45
6/10/2023 09:00,32,123,60
6/10/2023 10:00,45,112,72
6/10/2023 11:00,44,110,88
6/10/2023 12:00,31,121,74
6/10/2023 13:00,30,117,66
6/10/2023 14:00,52,149,77
6/10/2023 15:00,26,166,61
6/10/2023 16:00,34,118,58
6/10/2023 17:00,43,163,86
6/10/2023 18:00,47,136,62
6/10/2023 19:00,29,148,89
6/10/2023 20:00,36,125,95
6/10/2023 21:00,28,149,84
6/10/2023 22:00,28,126,90
6/10/2023 23:00,18,112,79
6/11/2023 00:00,18,67,51
6/11/2023 01:00,15,55,35
6/11/2023 02:00,13,65,33
6/11/2023 03:00,9,53,16
6/11/2023 04:00,14,16,24
6/11/2023 05:00,9,30,15
6/11/2023 06:00,19,49,25
6/11/2023 07:00,29,52,37
6/11/2023 08:00,13,64,40
6/11/2023 09:00,17,102,62
6/11/2023 10:00,18,95,64
6/11/2023 11:00,50,83,58
6/11/2023 12:00,32,133,80
6/11/2023 13:00,32,94,59
6/11/2023 14:00,20,119,75
6/11/2023 15:00,45,119,72
6/11/2023 16:00,32,92,72
6/11/2023 17:00,34,120,84
6/11/2023 18:00,39,95,64
6/11/2023 19:00,20,106,97
6/11/2023 20:00,28,162,44
6/11/2023 21:00,26,81,79
6/11/2023 22:00,23,82,81
6/11/2023 23:00,23,81,44
6/12/2023 00:00,17,86,28
6/12/2023 01:00,10,70,23
6/12/2023 02:00,11,79,35
6/12/2023 03:00,22,58,16
6/12/2023 04:00,11,40,24
6/12/2023 05:00,7,38,23
6/12/2023 06:00,22,70,25
6/12/2023 07:00,43,93,53
6/12/2023 08:00,42,115,90
6/12/2023 09:00,48,122,88
6/12/2023 10:00,42,132,93
6/12/2023 11:00,49,157,138
6/12/2023 12:00,40,182,99
6/12/2023 13:00,37,151,101
6/12/2023 14:00,52,162,99
6/12/2023 15:00,36,144,106
6/12/2023 16:00,42,161,114
6/12/2023 17:00,52,142,136
6/12/2023 18:00,35,121,80
6/12/2023 19:00,23,115,96
6/12/2023 20:00,18,122,60
6/12/2023 21:00,23,122,45
6/12/2023 22:00,14,90,52
6/12/2023 23:00,20,55,21
6/13/2023 00:00,21,38,32
6/13/2023 01:00,10,43,22
6/13/2023 02:00,10,39,12
6/13/2023 03:00,14,61,21
6/13/2023 04:00,6,41,21
6/13/2023 05:00,17,40,14
6/13/2023 06:00,21,47,31
6/13/2023 07:00,42,88,51
6/13/2023 08:00,43,97,88
6/13/2023 09:00,58,134,75
6/13/2023 10:00,49,149,87
6/13/2023 11:00,51,144,94
6/13/2023 12:00,58,151,90
6/13/2023 13:00,58,133,92
6/13/2023 14:00,50,181,109
6/13/2023 15:00,44,179,88
6/13/2023 16:00,54,176,80
6/13/2023 17:00,37,142,79
6/13/2023 18:00,49,105,61
6/13/2023 19:00,34,114,81
6/13/2023 20:00,30,95,77
6/13/2023 21:00,21,131,57
6/13/2023 22:00,33,79,41
6/13/2023 23:00,30,68,29
6/14/2023 00:00,29,56,21
6/14/2023 01:00,6,47,23
6/14/2023 02:00,9,18,11
6/14/2023 03:00,16,31,27
6/14/2023 04:00,6,54,19
6/14/2023 05:00,20,21,40
6/14/2023 06:00,28,71,38
6/14/2023 07:00,16,84,73
6/14/2023 08:00,36,128,83
6/14/2023 09:00,35,149,85
6/14/2023 10:00,50,156,96
6/14/2023 11:00,44,131,84
6/14/2023 12:00,35,152,112
6/14/2023 13:00,57,161,120
6/14/2023 14:00,49,113,91
6/14/2023 15:00,31,173,69
6/14/2023 16:00,37,187,91
6/14/2023 17:00,68,161,87
6/14/2023 18:00,39,122,67
6/14/2023 19:00,34,119,55
6/14/2023 20:00,27,107,64
6/14/2023 21:00,28,96,62
6/14/2023 22:00,48,70,41
6/14/2023 23:00,49,66,30
6/15/2023 00:00,12,48,27
6/15/2023 01:00,9,57,19
6/15/2023 02:00,10,52,9
6/15/2023 03:00,5,40,9
6/15/2023 04:00,11,39,17
6/15/2023 05:00,18,40,19
6/15/2023 06:00,24,44,39
6/15/2023 07:00,41,94,40
6/15/2023 08:00,41,106,57
6/15/2023 09:00,40,127,88
6/15/2023 10:00,53,153,98
6/15/2023 11:00,49,157,109
6/15/2023 12:00,52,173,112
6/15/2023 13:00,68,189,125
6/15/2023 14:00,59,178,98
6/15/2023 15:00,57,164,87
6/15/2023 16:00,58,169,114
6/15/2023 17:00,32,166,87
6/15/2023 18:00,33,145,63
6/15/2023 19:00,21,109,62
6/15/2023 20:00,36,114,67
6/15/2023 21:00,30,108,71
6/15/2023 22:00,22,92,47
6/15/2023 23:00,34,86,32
6/16/2023 00:00,21,76,29
6/16/2023 01:00,15,45,15
6/16/2023 02:00,24,47,11
6/16/2023 03:00,9,49,9
6/16/2023 04:00,8,27,10
6/16/2023 05:00,9,32,27
6/16/2023 06:00,30,26,40
6/16/2023 07:00,23,82,38
6/16/2023 08:00,44,96,44
6/16/2023 09:00,58,145,80
6/16/2023 10:00,41,134,97
6/16/2023 11:00,51,167,100
6/16/2023 12:00,50,162,87
6/16/2023 13:00,49,147,105
6/16/2023 14:00,52,185,77
6/16/2023 15:00,58,151,103
6/16/2023 16:00,32,146,85
6/16/2023 17:00,29,137,77
6/16/2023 18:00,28,146,81
6/16/2023 19:00,36,151,70
6/16/2023 20:00,28,157,83
6/16/2023 21:00,30,188,71
6/16/2023 22:00,31,162,63
6/16/2023 23:00,35,150,37
6/17/2023 00:00,17,80,46
6/17/2023 01:00,15,56,25
6/17/2023 02:00,15,48,39
6/17/2023 03:00,11,33,27
6/17/2023 04:00,14,51,19
6/17/2023 05:00,6,38,12
6/17/2023 06:00,11,32,41
6/17/2023 07:00,34,39,57
6/17/2023 08:00,29,81,63
6/17/2023 09:00,33,153,80
6/17/2023 10:00,36,139,67
6/17/2023 11:00,58,135,84
6/17/2023 12:00,44,175,98
6/17/2023 13:00,23,156,79
6/17/2023 14:00,49,123,71
6/17/2023 15:00,31,144,72
6/17/2023 16:00,37,135,91
6/17/2023 17:00,68,159,96
6/17/2023 18:00,39,121,62
6/17/2023 19:00,34,168,85
6/17/2023 20:00,27,160,55
6/17/2023 21:00,28,117,93
6/17/2023 22:00,48,124,85
6/17/2023 23:00,49,117,89
6/18/2023 00:00,31,93,57
6/18/2023 01:00,32,89,40
6/18/2023 02:00,25,81,56
6/18/2023 03:00,21,47,29
6/18/2023 04:00,14,53,35
6/18/2023 05:00,16,57,28
6/18/2023 06:00,17,35,22
6/18/2023 07:00,25,37,35
6/18/2023 08:00,16,52,38
6/18/2023 09:00,19,90,58
6/18/2023 10:00,23,90,60
6/18/2023 11:00,34,108,61
6/18/2023 12:00,18,103,83
6/18/2023 13:00,27,162,72
6/18/2023 14:00,24,105,75
6/18/2023 15:00,21,143,86
6/18/2023 16:00,18,123,87
6/18/2023 17:00,34,120,83
6/18/2023 18:00,25,156,55
6/18/2023 19:00,33,121,65
6/18/2023 20:00,27,118,85
6/18/2023 21:00,34,132,103
6/18/2023 22:00,18,97,69
6/18/2023 23:00,22,83,44
6/19/2023 00:00,16,88,31
6/19/2023 01:00,17,49,35
6/19/2023 02:00,11,34,22
6/19/2023 03:00,9,44,24
6/19/2023 04:00,8,30,22
6/19/2023 05:00,10,49,20
6/19/2023 06:00,13,56,26
6/19/2023 07:00,33,74,42
6/19/2023 08:00,21,87,79
6/19/2023 09:00,37,136,77
6/19/2023 10:00,58,149,80
6/19/2023 11:00,38,140,101
6/19/2023 12:00,56,118,114
6/19/2023 13:00,46,181,79
6/19/2023 14:00,47,164,102
6/19/2023 15:00,33,148,98
6/19/2023 16:00,29,154,95
6/19/2023 17:00,28,164,132
6/19/2023 18:00,33,129,65
6/19/2023 19:00,44,106,75
6/19/2023 20:00,34,103,58
6/19/2023 21:00,18,90,50
6/19/2023 22:00,25,68,51
6/19/2023 23:00,15,67,37
6/20/2023 00:00,19,66,36
6/20/2023 01:00,11,40,34
6/20/2023 02:00,12,48,11
6/20/2023 03:00,8,28,25
6/20/2023 04:00,5,28,9
6/20/2023 05:00,17,52,25
6/20/2023 06:00,31,36,27
6/20/2023 07:00,30,59,71
6/20/2023 08:00,51,94,96
6/20/2023 09:00,60,119,81
6/20/2023 10:00,47,126,101
6/20/2023 11:00,51,141,81
6/20/2023 12:00,53,114,125
6/20/2023 13:00,61,167,87
6/20/2023 14:00,55,158,89
6/20/2023 15:00,42,159,89
6/20/2023 16:00,40,138,103
6/20/2023 17:00,43,249,85
6/20/2023 18:00,28,185,96
6/20/2023 19:00,40,164,91
6/20/2023 20:00,17,101,91
6/20/2023 21:00,23,107,52
6/20/2023 22:00,12,111,51
6/20/2023 23:00,16,83,40
6/21/2023 00:00,21,68,56
6/21/2023 01:00,15,39,19
6/21/2023 02:00,16,52,3
6/21/2023 03:00,6,35,7
6/21/2023 04:00,8,42,20
6/21/2023 05:00,16,56,13
6/21/2023 06:00,18,61,21
6/21/2023 07:00,36,86,44
6/21/2023 08:00,27,125,89
6/21/2023 09:00,73,130,88
6/21/2023 10:00,50,140,64
6/21/2023 11:00,45,177,98
6/21/2023 12:00,44,177,101
6/21/2023 13:00,38,209,97
6/21/2023 14:00,36,144,108
6/21/2023 15:00,49,184,107
6/21/2023 16:00,40,202,117
6/21/2023 17:00,39,158,105
6/21/2023 18:00,25,146,90
6/21/2023 19:00,34,124,75
6/21/2023 20:00,28,149,62
6/21/2023 21:00,32,100,61
6/21/2023 22:00,30,110,55
6/21/2023 23:00,15,89,52
6/22/2023 00:00,15,53,24
6/22/2023 01:00,17,55,22
6/22/2023 02:00,19,29,19
6/22/2023 03:00,9,42,23
6/22/2023 04:00,9,32,11
6/22/2023 05:00,17,40,13
6/22/2023 06:00,29,58,31
6/22/2023 07:00,36,75,49
6/22/2023 08:00,36,94,73
6/22/2023 09:00,41,117,96
6/22/2023 10:00,51,122,110
6/22/2023 11:00,52,139,93
6/22/2023 12:00,36,139,108
6/22/2023 13:00,37,139,111
6/22/2023 14:00,31,154,85
6/22/2023 15:00,38,165,110
6/22/2023 16:00,35,155,97
6/22/2023 17:00,43,162,91
6/22/2023 18:00,39,121,68
6/22/2023 19:00,51,139,63
6/22/2023 20:00,28,131,67
6/22/2023 21:00,16,118,66
6/22/2023 22:00,26,136,47
6/22/2023 23:00,21,99,42
6/23/2023 00:00,24,54,31
6/23/2023 01:00,14,53,18
6/23/2023 02:00,19,59,11
6/23/2023 03:00,21,33,13
6/23/2023 04:00,17,15,25
6/23/2023 05:00,8,34,18
6/23/2023 06:00,17,67,36
6/23/2023 07:00,32,92,40
6/23/2023 08:00,48,105,70
6/23/2023 09:00,44,128,84
6/23/2023 10:00,54,152,79
6/23/2023 11:00,47,132,85
6/23/2023 12:00,57,173,116
6/23/2023 13:00,46,209,116
6/23/2023 14:00,66,146,108
6/23/2023 15:00,53,165,100
6/23/2023 16:00,52,155,90
6/23/2023 17:00,39,162,91
6/23/2023 18:00,27,121,73
6/23/2023 19:00,29,139,59
6/23/2023 20:00,24,131,69
6/23/2023 21:00,41,118,75
6/23/2023 22:00,32,136,75
6/23/2023 23:00,31,99,71
6/24/2023 00:00,21,82,24
6/24/2023 01:00,15,64,35
6/24/2023 02:00,22,57,11
6/24/2023 03:00,14,39,18
6/24/2023 04:00,9,35,11
6/24/2023 05:00,16,38,18
6/24/2023 06:00,10,55,38
6/24/2023 07:00,24,66,36
6/24/2023 08:00,23,78,65
6/24/2023 09:00,24,100,55
6/24/2023 10:00,19,110,73
6/24/2023 11:00,39,138,88
6/24/2023 12:00,42,137,78
6/24/2023 13:00,39,150,76
6/24/2023 14:00,37,167,92
6/24/2023 15:00,48,126,70
6/24/2023 16:00,28,141,79
6/24/2023 17:00,31,137,77
6/24/2023 18:00,32,130,80
6/24/2023 19:00,26,128,59
6/24/2023 20:00,45,116,102
6/24/2023 21:00,37,147,72
6/24/2023 22:00,21,162,91
6/24/2023 23:00,32,119,67
6/25/2023 00:00,23,92,60
6/25/2023 01:00,13,109,51
6/25/2023 02:00,13,86,36
6/25/2023 03:00,12,73,26
6/25/2023 04:00,7,45,31
6/25/2023 05:00,12,38,19
6/25/2023 06:00,11,42,22
6/25/2023 07:00,21,45,33
6/25/2023 08:00,10,60,43
6/25/2023 09:00,17,91,52
6/25/2023 10:00,18,80,63
6/25/2023 11:00,20,93,62
6/25/2023 12:00,25,118,75
6/25/2023 13:00,33,133,73
6/25/2023 14:00,33,112,71
6/25/2023 15:00,21,118,89
6/25/2023 16:00,12,110,77
6/25/2023 17:00,34,236,82
6/25/2023 18:00,31,119,78
6/25/2023 19:00,39,132,72
6/25/2023 20:00,34,134,90
6/25/2023 21:00,28,89,56
6/25/2023 22:00,39,101,62
6/25/2023 23:00,18,69,41
6/26/2023 00:00,27,53,59
6/26/2023 01:00,21,55,36
6/26/2023 02:00,18,55,23
6/26/2023 03:00,14,39,18
6/26/2023 04:00,7,23,15
6/26/2023 05:00,13,24,19
6/26/2023 06:00,15,42,30
6/26/2023 07:00,37,74,51
6/26/2023 08:00,37,127,80
6/26/2023 09:00,50,163,78
6/26/2023 10:00,46,172,99
6/26/2023 11:00,55,135,72
6/26/2023 12:00,56,144,101
6/26/2023 13:00,55,177,102
6/26/2023 14:00,39,160,102
6/26/2023 15:00,46,219,73
6/26/2023 16:00,53,198,97
6/26/2023 17:00,35,165,74
6/26/2023 18:00,42,155,71
6/26/2023 19:00,28,129,60
6/26/2023 20:00,24,141,62
6/26/2023 21:00,35,97,62
6/26/2023 22:00,32,75,57
6/26/2023 23:00,16,56,40
6/27/2023 00:00,21,45,52
6/27/2023 01:00,22,43,18
6/27/2023 02:00,4,53,20
6/27/2023 03:00,12,59,24
6/27/2023 04:00,5,44,29
6/27/2023 05:00,16,32,18
6/27/2023 06:00,19,62,25
6/27/2023 07:00,30,96,71
6/27/2023 08:00,33,126,67
6/27/2023 09:00,59,126,67
6/27/2023 10:00,44,176,92
6/27/2023 11:00,60,179,65
6/27/2023 12:00,33,158,84
6/27/2023 13:00,28,185,99
6/27/2023 14:00,50,184,90
6/27/2023 15:00,50,151,87
6/27/2023 16:00,31,159,87
6/27/2023 17:00,50,170,88
6/27/2023 18:00,50,143,62
6/27/2023 19:00,31,141,70
6/27/2023 20:00,21,115,84
6/27/2023 21:00,28,123,50
6/27/2023 22:00,19,96,40
6/27/2023 23:00,12,82,31
6/28/2023 00:00,14,75,23
6/28/2023 01:00,7,66,19
6/28/2023 02:00,13,55,18
6/28/2023 03:00,13,41,19
6/28/2023 04:00,10,35,17
6/28/2023 05:00,13,21,16
6/28/2023 06:00,23,46,39
6/28/2023 07:00,30,66,35
6/28/2023 08:00,55,111,64
6/28/2023 09:00,65,127,71
6/28/2023 10:00,52,154,108
6/28/2023 11:00,63,201,82
6/28/2023 12:00,57,163,87
6/28/2023 13:00,43,146,80
6/28/2023 14:00,33,148,90
6/28/2023 15:00,52,139,98
6/28/2023 16:00,62,168,101
6/28/2023 17:00,40,143,62
6/28/2023 18:00,43,122,67
6/28/2023 19:00,51,108,83
6/28/2023 20:00,23,151,78
6/28/2023 21:00,33,116,61
6/28/2023 22:00,25,106,49
6/28/2023 23:00,24,97,43
6/29/2023 00:00,35,81,32
6/29/2023 01:00,20,65,30
6/29/2023 02:00,8,51,25
6/29/2023 03:00,11,34,10
6/29/2023 04:00,6,28,17
6/29/2023 05:00,11,41,26
6/29/2023 06:00,21,60,31
6/29/2023 07:00,26,89,51
6/29/2023 08:00,38,99,61
6/29/2023 09:00,47,152,91
6/29/2023 10:00,46,160,66
6/29/2023 11:00,52,171,96
6/29/2023 12:00,54,187,100
6/29/2023 13:00,44,193,101
6/29/2023 14:00,46,163,84
6/29/2023 15:00,39,189,104
6/29/2023 16:00,48,192,78
6/29/2023 17:00,45,183,148
6/29/2023 18:00,25,153,78
6/29/2023 19:00,26,149,74
6/29/2023 20:00,19,118,64
6/29/2023 21:00,33,147,80
6/29/2023 22:00,29,104,39
6/29/2023 23:00,18,102,36
6/30/2023 00:00,17,58,24
6/30/2023 01:00,20,52,22
6/30/2023 02:00,15,53,6
6/30/2023 03:00,6,42,16
6/30/2023 04:00,7,49,18
6/30/2023 05:00,14,42,14
6/30/2023 06:00,25,53,45
6/30/2023 07:00,26,67,51
6/30/2023 08:00,43,114,75
6/30/2023 09:00,49,101,107
6/30/2023 10:00,50,121,142
6/30/2023 11:00,47,116,249
6/30/2023 12:00,39,172,199
6/30/2023 13:00,65,171,185
6/30/2023 14:00,62,145,144
6/30/2023 15:00,59,150,168
6/30/2023 16:00,44,168,164
6/30/2023 17:00,49,170,106
6/30/2023 18:00,27,136,100
6/30/2023 19:00,31,128,76
6/30/2023 20:00,30,135,92
6/30/2023 21:00,32,119,89
6/30/2023 22:00,28,110,81
6/30/2023 23:00,25,92,67
7/1/2023 00:00,17,80,61
7/1/2023 01:00,12,69,22
7/1/2023 02:00,17,49,22
7/1/2023 03:00,8,51,16
7/1/2023 04:00,8,51,29
7/1/2023 05:00,12,33,20
7/1/2023 06:00,12,29,23
7/1/2023 07:00,19,52,47
7/1/2023 08:00,30,77,60
7/1/2023 09:00,37,122,73
7/1/2023 10:00,26,114,84
7/1/2023 11:00,52,131,88
7/1/2023 12:00,41,130,96
7/1/2023 13:00,29,135,94
7/1/2023 14:00,26,152,82
7/1/2023 15:00,33,138,96
7/1/2023 16:00,42,159,74
7/1/2023 17:00,30,124,71
7/1/2023 18:00,28,136,122
7/1/2023 19:00,45,161,72
7/1/2023 20:00,33,127,85
7/1/2023 21:00,50,146,125
7/1/2023 22:00,26,113,103
7/1/2023 23:00,26,103,107
7/2/2023 00:00,28,108,68
7/2/2023 01:00,19,51,49
7/2/2023 02:00,12,46,27
7/2/2023 03:00,10,38,34
7/2/2023 04:00,8,22,21
7/2/2023 05:00,12,33,22
7/2/2023 06:00,14,51,33
7/2/2023 07:00,12,73,52
7/2/2023 08:00,20,74,69
7/2/2023 09:00,17,77,72
7/2/2023 10:00,36,91,76
7/2/2023 11:00,38,95,67
7/2/2023 12:00,25,95,75
7/2/2023 13:00,29,126,87
7/2/2023 14:00,39,99,74
7/2/2023 15:00,18,113,80
7/2/2023 16:00,18,109,58
7/2/2023 17:00,16,105,61
7/2/2023 18:00,28,116,78
7/2/2023 19:00,35,127,76
7/2/2023 20:00,37,106,79
7/2/2023 21:00,23,361,125
7/2/2023 22:00,29,165,97
7/2/2023 23:00,26,106,60
7/3/2023 00:00,24,65,29
7/3/2023 01:00,12,39,38
7/3/2023 02:00,16,42,33
7/3/2023 03:00,13,45,22
7/3/2023 04:00,4,57,17
7/3/2023 05:00,12,25,14
7/3/2023 06:00,17,41,43
7/3/2023 07:00,33,76,78
7/3/2023 08:00,34,71,75
7/3/2023 09:00,38,142,106
7/3/2023 10:00,34,122,90
7/3/2023 11:00,52,184,125
7/3/2023 12:00,58,192,97
7/3/2023 13:00,48,196,108
7/3/2023 14:00,47,200,119
7/3/2023 15:00,50,203,112
7/3/2023 16:00,42,144,104
7/3/2023 17:00,46,148,76
7/3/2023 18:00,43,173,96
7/3/2023 19:00,35,154,100
7/3/2023 20:00,28,156,107
7/3/2023 21:00,38,126,133
7/3/2023 22:00,39,104,94
7/3/2023 23:00,30,78,62
7/4/2023 00:00,19,52,43
7/4/2023 01:00,10,77,33
7/4/2023 02:00,11,50,18
7/4/2023 03:00,17,42,12
7/4/2023 04:00,10,42,17
7/4/2023 05:00,20,36,22
7/4/2023 06:00,9,41,27
7/4/2023 07:00,8,46,36
7/4/2023 08:00,11,46,47
7/4/2023 09:00,22,78,59
7/4/2023 10:00,16,92,70
7/4/2023 11:00,36,114,85
7/4/2023 12:00,27,110,90
7/4/2023 13:00,25,80,94
7/4/2023 14:00,29,104,77
7/4/2023 15:00,38,109,80
7/4/2023 16:00,38,87,87
7/4/2023 17:00,34,95,84
7/4/2023 18:00,32,154,94
7/4/2023 19:00,32,155,111
7/4/2023 20:00,36,150,196
7/4/2023 21:00,64,160,326
7/4/2023 22:00,58,195,198
7/4/2023 23:00,77,164,159
7/5/2023 00:00,31,106,74
7/5/2023 01:00,19,55,55
7/5/2023 02:00,14,62,24
7/5/2023 03:00,15,27,10
7/5/2023 04:00,15,33,16
7/5/2023 05:00,17,43,30
7/5/2023 06:00,28,54,46
7/5/2023 07:00,55,66,59
7/5/2023 08:00,35,119,83
7/5/2023 09:00,44,143,86
7/5/2023 10:00,48,115,113
7/5/2023 11:00,52,179,107
7/5/2023 12:00,52,156,112
7/5/2023 13:00,36,159,106
7/5/2023 14:00,55,132,97
7/5/2023 15:00,67,154,91
7/5/2023 16:00,43,157,111
7/5/2023 17:00,45,155,89
7/5/2023 18:00,43,115,105
7/5/2023 19:00,38,138,85
7/5/2023 20:00,33,119,63
7/5/2023 21:00,47,119,77
7/5/2023 22:00,43,111,79
7/5/2023 23:00,16,86,28
7/6/2023 00:00,13,59,26
7/6/2023 01:00,16,30,7
7/6/2023 02:00,36,43,20
7/6/2023 03:00,29,27,14
7/6/2023 04:00,13,24,17
7/6/2023 05:00,22,25,33
7/6/2023 06:00,27,48,36
7/6/2023 07:00,31,52,60
7/6/2023 08:00,45,96,94
7/6/2023 09:00,50,116,82
7/6/2023 10:00,52,150,111
7/6/2023 11:00,59,147,131
7/6/2023 12:00,43,171,128
7/6/2023 13:00,61,182,96
7/6/2023 14:00,53,179,104
7/6/2023 15:00,54,186,82
7/6/2023 16:00,62,158,121
7/6/2023 17:00,46,158,84
7/6/2023 18:00,44,161,87
7/6/2023 19:00,25,111,68
7/6/2023 20:00,34,131,51
7/6/2023 21:00,30,96,62
7/6/2023 22:00,32,77,51
7/6/2023 23:00,19,62,56
7/7/2023 00:00,13,68,27
7/7/2023 01:00,17,47,25
7/7/2023 02:00,16,45,24
7/7/2023 03:00,10,58,27
7/7/2023 04:00,9,31,24
7/7/2023 05:00,19,35,33
7/7/2023 06:00,16,43,40
7/7/2023 07:00,27,70,49
7/7/2023 08:00,30,112,79
7/7/2023 09:00,45,145,83
7/7/2023 10:00,37,152,108
7/7/2023 11:00,57,133,102
7/7/2023 12:00,47,147,98
7/7/2023 13:00,47,157,108
7/7/2023 14:00,36,179,125
7/7/2023 15:00,42,178,91
7/7/2023 16:00,24,161,100
7/7/2023 17:00,40,183,134
7/7/2023 18:00,48,125,111
7/7/2023 19:00,27,117,93
7/7/2023 20:00,30,132,83
7/7/2023 21:00,41,95,94
7/7/2023 22:00,24,104,71
7/7/2023 23:00,24,87,37
7/8/2023 00:00,22,101,28
7/8/2023 01:00,19,80,28
7/8/2023 02:00,28,58,12
7/8/2023 03:00,27,42,16
7/8/2023 04:00,11,40,19
7/8/2023 05:00,8,25,18
7/8/2023 06:00,5,43,25
7/8/2023 07:00,15,67,64
7/8/2023 08:00,30,96,78
7/8/2023 09:00,27,90,74
7/8/2023 10:00,55,141,83
7/8/2023 11:00,44,141,101
7/8/2023 12:00,41,137,131
7/8/2023 13:00,39,151,94
7/8/2023 14:00,35,121,96
7/8/2023 15:00,33,135,87
7/8/2023 16:00,56,148,72
7/8/2023 17:00,52,138,71
7/8/2023 18:00,43,105,93
7/8/2023 19:00,43,121,98
7/8/2023 20:00,40,100,84
7/8/2023 21:00,36,131,84
7/8/2023 22:00,36,139,79
7/8/2023 23:00,33,94,97
7/9/2023 00:00,22,69,51
7/9/2023 01:00,21,82,37
7/9/2023 02:00,22,59,29
7/9/2023 03:00,19,50,13
7/9/2023 04:00,11,47,14
7/9/2023 05:00,10,27,20
7/9/2023 06:00,12,32,25
7/9/2023 07:00,10,65,24
7/9/2023 08:00,25,66,53
7/9/2023 09:00,23,101,68
7/9/2023 10:00,21,110,66
7/9/2023 11:00,23,97,66
7/9/2023 12:00,20,115,73
7/9/2023 13:00,28,136,59
7/9/2023 14:00,29,119,70
7/9/2023 15:00,41,122,65
7/9/2023 16:00,29,111,74
7/9/2023 17:00,26,95,54
7/9/2023 18:00,28,106,75
7/9/2023 19:00,21,140,77
7/9/2023 20:00,38,95,77
7/9/2023 21:00,29,127,70
7/9/2023 22:00,29,94,68
7/9/2023 23:00,15,55,54
7/10/2023 00:00,34,39,35
7/10/2023 01:00,9,53,25
7/10/2023 02:00,13,47,15
7/10/2023 03:00,10,40,17
7/10/2023 04:00,11,26,12
7/10/2023 05:00,9,56,24
7/10/2023 06:00,18,43,35
7/10/2023 07:00,35,77,40
7/10/2023 08:00,33,109,66
7/10/2023 09:00,46,121,71
7/10/2023 10:00,37,157,102
7/10/2023 11:00,56,166,105
7/10/2023 12:00,68,157,98
7/10/2023 13:00,64,205,114
7/10/2023 14:00,50,188,107
7/10/2023 15:00,54,159,104
7/10/2023 16:00,35,146,119
7/10/2023 17:00,39,184,87
7/10/2023 18:00,54,93,89
7/10/2023 19:00,42,122,62
7/10/2023 20:00,33,105,65
7/10/2023 21:00,32,100,67
7/10/2023 22:00,29,87,50
7/10/2023 23:00,20,71,34
7/11/2023 00:00,19,66,31
7/11/2023 01:00,12,49,23
7/11/2023 02:00,18,26,24
7/11/2023 03:00,11,34,21
7/11/2023 04:00,7,41,24
7/11/2023 05:00,15,18,18
7/11/2023 06:00,23,37,25
7/11/2023 07:00,21,71,53
7/11/2023 08:00,42,91,73
7/11/2023 09:00,50,141,88
7/11/2023 10:00,51,130,99
7/11/2023 11:00,29,152,90
7/11/2023 12:00,42,179,81
7/11/2023 13:00,60,173,116
7/11/2023 14:00,56,208,94
7/11/2023 15:00,53,173,111
7/11/2023 16:00,51,203,90
7/11/2023 17:00,36,163,69
7/11/2023 18:00,42,131,63
7/11/2023 19:00,34,114,69
7/11/2023 20:00,40,138,68
7/11/2023 21:00,33,104,54
7/11/2023 22:00,17,85,72
7/11/2023 23:00,22,66,49
7/12/2023 00:00,7,48,41
7/12/2023 01:00,14,51,21
7/12/2023 02:00,12,55,27
7/12/2023 03:00,6,31,20
7/12/2023 04:00,11,33,15
7/12/2023 05:00,18,39,16
7/12/2023 06:00,20,40,48
7/12/2023 07:00,22,104,36
7/12/2023 08:00,42,146,66
7/12/2023 09:00,49,143,93
7/12/2023 10:00,54,145,83
7/12/2023 11:00,55,171,110
7/12/2023 12:00,53,144,103
7/12/2023 13:00,61,137,107
7/12/2023 14:00,45,119,95
7/12/2023 15:00,40,170,104
7/12/2023 16:00,48,157,102
7/12/2023 17:00,38,176,100
7/12/2023 18:00,33,132,71
7/12/2023 19:00,32,151,50
7/12/2023 20:00,42,148,77
7/12/2023 21:00,30,119,63
7/12/2023 22:00,23,87,43
7/12/2023 23:00,25,66,36
7/13/2023 00:00,15,52,27
7/13/2023 01:00,14,51,17
7/13/2023 02:00,8,48,20
7/13/2023 03:00,11,36,15
7/13/2023 04:00,10,36,12
7/13/2023 05:00,16,36,25
7/13/2023 06:00,24,41,38
7/13/2023 07:00,35,65,57
7/13/2023 08:00,56,129,66
7/13/2023 09:00,33,124,84
7/13/2023 10:00,51,137,69
7/13/2023 11:00,59,167,92
7/13/2023 12:00,35,168,83
7/13/2023 13:00,44,151,106
7/13/2023 14:00,59,213,81
7/13/2023 15:00,59,184,69
7/13/2023 16:00,74,181,109
7/13/2023 17:00,33,153,99
7/13/2023 18:00,38,139,94
7/13/2023 19:00,36,121,62
7/13/2023 20:00,45,81,73
7/13/2023 21:00,32,127,71
7/13/2023 22:00,19,90,69
7/13/2023 23:00,24,64,44
7/14/2023 00:00,19,70,24
7/14/2023 01:00,14,66,21
7/14/2023 02:00,10,48,21
7/14/2023 03:00,13,27,12
7/14/2023 04:00,9,17,14
7/14/2023 05:00,15,35,19
7/14/2023 06:00,22,45,40
7/14/2023 07:00,30,85,56
7/14/2023 08:00,39,128,57
7/14/2023 09:00,51,133,80
7/14/2023 10:00,51,136,78
7/14/2023 11:00,40,137,75
7/14/2023 12:00,62,151,86
7/14/2023 13:00,53,157,89
7/14/2023 14:00,60,163,98
7/14/2023 15:00,51,177,93
7/14/2023 16:00,42,148,85
7/14/2023 17:00,25,172,69
7/14/2023 18:00,33,137,64
7/14/2023 19:00,44,130,67
7/14/2023 20:00,28,122,72
7/14/2023 21:00,40,109,67
7/14/2023 22:00,25,125,66
7/14/2023 23:00,20,95,38
7/15/2023 00:00,20,87,36
7/15/2023 01:00,11,83,37
7/15/2023 02:00,18,66,29
7/15/2023 03:00,12,46,21
7/15/2023 04:00,6,22,16
7/15/2023 05:00,13,33,18
7/15/2023 06:00,24,49,23
7/15/2023 07:00,22,81,33
7/15/2023 08:00,44,67,41
7/15/2023 09:00,51,100,66
7/15/2023 10:00,40,103,78
7/15/2023 11:00,29,118,62
7/15/2023 12:00,53,137,72
7/15/2023 13:00,25,132,77
7/15/2023 14:00,29,151,84
7/15/2023 15:00,21,135,59
7/15/2023 16:00,30,145,80
7/15/2023 17:00,32,153,68
7/15/2023 18:00,38,126,49
7/15/2023 19:00,42,130,97
7/15/2023 20:00,35,138,58
7/15/2023 21:00,28,137,79
7/15/2023 22:00,32,113,85
7/15/2023 23:00,32,112,70
7/16/2023 00:00,28,108,44
7/16/2023 01:00,18,68,32
7/16/2023 02:00,8,72,29
7/16/2023 03:00,12,50,29
7/16/2023 04:00,13,55,12
7/16/2023 05:00,8,40,30
7/16/2023 06:00,17,53,31
7/16/2023 07:00,19,64,22
7/16/2023 08:00,10,81,48
7/16/2023 09:00,20,49,47
7/16/2023 10:00,16,122,54
7/16/2023 11:00,27,105,70
7/16/2023 12:00,21,114,76
7/16/2023 13:00,22,129,60
7/16/2023 14:00,39,123,69
7/16/2023 15:00,30,106,90
7/16/2023 16:00,40,108,67
7/16/2023 17:00,25,147,75
7/16/2023 18:00,45,125,77
7/16/2023 19:00,36,106,68
7/16/2023 20:00,33,91,68
7/16/2023 21:00,29,134,64
7/16/2023 22:00,31,104,53
7/16/2023 23:00,26,47,36
7/17/2023 00:00,14,64,56
7/17/2023 01:00,7,40,26
7/17/2023 02:00,9,50,20
7/17/2023 03:00,2,35,7
7/17/2023 04:00,8,29,16
7/17/2023 05:00,15,48,15
7/17/2023 06:00,11,39,33
7/17/2023 07:00,44,74,55
7/17/2023 08:00,43,103,74
7/17/2023 09:00,60,40,77
7/17/2023 10:00,52,147,96
7/17/2023 11:00,47,129,92
7/17/2023 12:00,45,166,110
7/17/2023 13:00,63,192,102
7/17/2023 14:00,50,163,106
7/17/2023 15:00,50,213,123
7/17/2023 16:00,41,194,95
7/17/2023 17:00,48,157,77
7/17/2023 18:00,51,152,72
7/17/2023 19:00,31,98,56
7/17/2023 20:00,40,125,89
7/17/2023 21:00,27,90,58
7/17/2023 22:00,26,89,46
7/17/2023 23:00,25,75,47
7/18/2023 00:00,12,69,32
7/18/2023 01:00,7,69,20
7/18/2023 02:00,30,38,25
7/18/2023 03:00,12,31,23
7/18/2023 04:00,4,26,15
7/18/2023 05:00,20,34,23
7/18/2023 06:00,21,59,31
7/18/2023 07:00,25,76,55
7/18/2023 08:00,28,102,69
7/18/2023 09:00,46,156,70
7/18/2023 10:00,49,132,74
7/18/2023 11:00,56,148,112
7/18/2023 12:00,60,129,76
7/18/2023 13:00,53,163,118
7/18/2023 14:00,42,148,79
7/18/2023 15:00,48,162,90
7/18/2023 16:00,44,186,76
7/18/2023 17:00,48,163,103
7/18/2023 18:00,42,125,54
7/18/2023 19:00,41,159,69
7/18/2023 20:00,34,153,70
7/18/2023 21:00,34,123,68
7/18/2023 22:00,34,120,51
7/18/2023 23:00,39,95,29
7/19/2023 00:00,22,66,34
7/19/2023 01:00,13,65,20
7/19/2023 02:00,4,60,12
7/19/2023 03:00,10,34,19
7/19/2023 04:00,7,29,12
7/19/2023 05:00,16,26,10
7/19/2023 06:00,16,50,22
7/19/2023 07:00,23,83,47
7/19/2023 08:00,45,117,55
7/19/2023 09:00,37,153,62
7/19/2023 10:00,44,142,72
7/19/2023 11:00,66,161,97
7/19/2023 12:00,55,163,100
7/19/2023 13:00,57,157,87
7/19/2023 14:00,38,182,97
7/19/2023 15:00,46,192,92
7/19/2023 16:00,34,177,106
7/19/2023 17:00,44,146,82
7/19/2023 18:00,51,149,89
7/19/2023 19:00,25,118,77
7/19/2023 20:00,31,127,78
7/19/2023 21:00,36,97,58
7/19/2023 22:00,25,65,54
7/19/2023 23:00,22,64,47
7/20/2023 00:00,21,55,27
7/20/2023 01:00,11,36,15
7/20/2023 02:00,7,19,9
7/20/2023 03:00,17,52,19
7/20/2023 04:00,9,29,10
7/20/2023 05:00,8,31,13
7/20/2023 06:00,18,52,30
7/20/2023 07:00,28,83,49
7/20/2023 08:00,46,105,70
7/20/2023 09:00,44,146,74
7/20/2023 10:00,50,154,73
7/20/2023 11:00,38,144,88
7/20/2023 12:00,54,130,95
7/20/2023 13:00,35,164,81
7/20/2023 14:00,47,176,104
7/20/2023 15:00,47,178,102
7/20/2023 16:00,37,163,98
7/20/2023 17:00,58,165,114
7/20/2023 18:00,40,136,72
7/20/2023 19:00,25,120,87
7/20/2023 20:00,30,126,81
7/20/2023 21:00,32,78,62
7/20/2023 22:00,25,79,63
7/20/2023 23:00,27,80,50
7/21/2023 00:00,20,35,45
7/21/2023 01:00,8,47,24
7/21/2023 02:00,6,45,22
7/21/2023 03:00,17,30,21
7/21/2023 04:00,17,18,14
7/21/2023 05:00,24,29,21
7/21/2023 06:00,29,46,36
7/21/2023 07:00,29,58,58
7/21/2023 08:00,27,65,70
7/21/2023 09:00,44,123,55
7/21/2023 10:00,55,157,86
7/21/2023 11:00,58,172,84
7/21/2023 12:00,48,160,96
7/21/2023 13:00,49,146,104
7/21/2023 14:00,63,154,113
7/21/2023 15:00,54,165,75
7/21/2023 16:00,39,169,92
7/21/2023 17:00,75,165,67
7/21/2023 18:00,43,162,75
7/21/2023 19:00,31,185,75
7/21/2023 20:00,34,125,81
7/21/2023 21:00,37,123,100
7/21/2023 22:00,38,105,95
7/21/2023 23:00,31,84,81
7/22/2023 00:00,26,85,51
7/22/2023 01:00,24,69,47
7/22/2023 02:00,18,71,33
7/22/2023 03:00,15,63,26
7/22/2023 04:00,16,33,16
7/22/2023 05:00,19,45,31
7/22/2023 06:00,18,50,33
7/22/2023 07:00,26,79,36
7/22/2023 08:00,35,63,49
7/22/2023 09:00,20,100,73
7/22/2023 10:00,37,110,73
7/22/2023 11:00,32,120,82
7/22/2023 12:00,40,100,71
7/22/2023 13:00,25,139,69
7/22/2023 14:00,60,114,64
7/22/2023 15:00,58,109,43
7/22/2023 16:00,31,117,101
7/22/2023 17:00,33,99,86
7/22/2023 18:00,30,90,73
7/22/2023 19:00,29,129,66
7/22/2023 20:00,38,121,70
7/22/2023 21:00,28,121,69
7/22/2023 22:00,43,136,86
7/22/2023 23:00,36,96,67
7/23/2023 00:00,37,72,63
7/23/2023 01:00,31,49,43
7/23/2023 02:00,15,85,47
7/23/2023 03:00,11,36,20
7/23/2023 04:00,13,47,26
7/23/2023 05:00,16,42,15
7/23/2023 06:00,13,51,27
7/23/2023 07:00,17,44,46
7/23/2023 08:00,16,56,48
7/23/2023 09:00,23,99,54
7/23/2023 10:00,29,92,76
7/23/2023 11:00,24,98,82
7/23/2023 12:00,27,100,98
7/23/2023 13:00,29,115,84
7/23/2023 14:00,23,105,87
7/23/2023 15:00,28,95,75
7/23/2023 16:00,40,109,74
7/23/2023 17:00,35,138,66
7/23/2023 18:00,27,110,68
7/23/2023 19:00,32,102,60
7/23/2023 20:00,26,111,53
7/23/2023 21:00,17,141,58
7/23/2023 22:00,19,76,66
7/23/2023 23:00,32,59,37
7/24/2023 00:00,27,42,35
7/24/2023 01:00,10,57,47
7/24/2023 02:00,14,35,22
7/24/2023 03:00,6,38,9
7/24/2023 04:00,9,33,8
7/24/2023 05:00,10,34,12
7/24/2023 06:00,29,54,26
7/24/2023 07:00,27,70,53
7/24/2023 08:00,37,145,53
7/24/2023 09:00,50,152,84
7/24/2023 10:00,36,116,111
7/24/2023 11:00,84,129,116
7/24/2023 12:00,55,148,93
7/24/2023 13:00,60,148,120
7/24/2023 14:00,63,144,105
7/24/2023 15:00,55,183,102
7/24/2023 16:00,40,171,85
7/24/2023 17:00,30,162,82
7/24/2023 18:00,53,122,91
7/24/2023 19:00,26,113,77
7/24/2023 20:00,45,110,123
7/24/2023 21:00,40,91,87
7/24/2023 22:00,24,70,40
7/24/2023 23:00,31,68,40
7/25/2023 00:00,29,58,23
7/25/2023 01:00,18,35,28
7/25/2023 02:00,10,38,22
7/25/2023 03:00,23,24,11
7/25/2023 04:00,11,37,12
7/25/2023 05:00,17,24,25
7/25/2023 06:00,20,34,26
7/25/2023 07:00,23,87,36
7/25/2023 08:00,45,116,74
7/25/2023 09:00,62,120,69
7/25/2023 10:00,50,141,88
7/25/2023 11:00,9,135,83
7/25/2023 12:00,6,121,75
7/25/2023 13:00,33,134,84
7/25/2023 14:00,46,151,107
7/25/2023 15:00,54,205,106
7/25/2023 16:00,36,163,125
7/25/2023 17:00,34,167,86
7/25/2023 18:00,32,120,89
7/25/2023 19:00,32,137,70
7/25/2023 20:00,43,113,81
7/25/2023 21:00,19,111,54
7/25/2023 22:00,26,94,42
7/25/2023 23:00,28,63,36
7/26/2023 00:00,19,57,41
7/26/2023 01:00,10,45,33
7/26/2023 02:00,9,37,29
7/26/2023 03:00,21,37,7
7/26/2023 04:00,4,36,16
7/26/2023 05:00,12,41,7
7/26/2023 06:00,39,51,35
7/26/2023 07:00,30,103,44
7/26/2023 08:00,41,115,69
7/26/2023 09:00,49,163,91
7/26/2023 10:00,48,159,82
7/26/2023 11:00,53,147,104
7/26/2023 12:00,56,157,91
7/26/2023 13:00,62,164,108
7/26/2023 14:00,51,180,87
7/26/2023 15:00,34,174,86
7/26/2023 16:00,52,187,94
7/26/2023 17:00,33,144,72
7/26/2023 18:00,35,131,73
7/26/2023 19:00,33,100,75
7/26/2023 20:00,29,111,61
7/26/2023 21:00,28,92,81
7/26/2023 22:00,26,87,55
7/26/2023 23:00,16,71,29
7/27/2023 00:00,24,43,23
7/27/2023 01:00,19,63,32
7/27/2023 02:00,17,43,41
7/27/2023 03:00,6,35,18
7/27/2023 04:00,20,43,15
7/27/2023 05:00,12,35,14
7/27/2023 06:00,21,52,17
7/27/2023 07:00,47,68,47
7/27/2023 08:00,49,140,73
7/27/2023 09:00,51,123,60
7/27/2023 10:00,45,158,91
7/27/2023 11:00,46,162,90
7/27/2023 12:00,51,183,105
7/27/2023 13:00,49,163,86
7/27/2023 14:00,43,169,71
7/27/2023 15:00,54,172,77
7/27/2023 16:00,43,185,102
7/27/2023 17:00,57,152,134
7/27/2023 18:00,41,142,78
7/27/2023 19:00,46,141,61
7/27/2023 20:00,43,118,64
7/27/2023 21:00,42,127,66
7/27/2023 22:00,34,114,52
7/27/2023 23:00,17,73,47
7/28/2023 00:00,18,67,32
7/28/2023 01:00,15,72,24
7/28/2023 02:00,13,45,27
7/28/2023 03:00,15,36,20
7/28/2023 04:00,7,29,7
7/28/2023 05:00,14,39,25
7/28/2023 06:00,24,32,23
7/28/2023 07:00,33,72,38
7/28/2023 08:00,41,95,64
7/28/2023 09:00,48,132,75
7/28/2023 10:00,46,152,87
7/28/2023 11:00,38,149,91
7/28/2023 12:00,46,147,98
7/28/2023 13:00,46,178,113
7/28/2023 14:00,42,172,102
7/28/2023 15:00,50,138,106
7/28/2023 16:00,54,154,92
7/28/2023 17:00,45,155,83
7/28/2023 18:00,27,128,79
7/28/2023 19:00,28,148,78
7/28/2023 20:00,31,106,60
7/28/2023 21:00,20,103,57
7/28/2023 22:00,22,83,81
7/28/2023 23:00,24,107,68
7/29/2023 00:00,14,84,41
7/29/2023 01:00,17,65,41
7/29/2023 02:00,14,64,25
7/29/2023 03:00,2,48,15
7/29/2023 04:00,12,37,21
7/29/2023 05:00,13,27,24
7/29/2023 06:00,11,51,26
7/29/2023 07:00,21,61,45
7/29/2023 08:00,20,79,51
7/29/2023 09:00,20,85,52
7/29/2023 10:00,25,124,80
7/29/2023 11:00,30,132,90
7/29/2023 12:00,40,148,75
7/29/2023 13:00,39,112,67
7/29/2023 14:00,47,124,95
7/29/2023 15:00,24,153,88
7/29/2023 16:00,44,172,82
7/29/2023 17:00,373,100,61
7/29/2023 18:00,102,114,71
7/29/2023 19:00,66,177,83
7/29/2023 20:00,48,165,79
7/29/2023 21:00,39,104,91
7/29/2023 22:00,35,105,102
7/29/2023 23:00,30,112,78
7/30/2023 00:00,32,80,53
7/30/2023 01:00,19,89,27
7/30/2023 02:00,14,54,35
7/30/2023 03:00,8,53,31
7/30/2023 04:00,19,31,22
7/30/2023 05:00,7,35,19
7/30/2023 06:00,13,30,22
7/30/2023 07:00,17,55,14
7/30/2023 08:00,29,62,35
7/30/2023 09:00,23,84,50
7/30/2023 10:00,44,82,53
7/30/2023 11:00,26,82,58
7/30/2023 12:00,33,130,67
7/30/2023 13:00,44,102,72
7/30/2023 14:00,34,133,58
7/30/2023 15:00,40,101,67
7/30/2023 16:00,34,117,63
7/30/2023 17:00,22,119,59
7/30/2023 18:00,28,95,76
7/30/2023 19:00,23,132,100
7/30/2023 20:00,31,96,102
7/30/2023 21:00,30,104,91
7/30/2023 22:00,38,93,63
7/30/2023 23:00,22,76,48
7/31/2023 00:00,15,55,35
7/31/2023 01:00,6,39,18
7/31/2023 02:00,7,42,17
7/31/2023 03:00,9,39,22
7/31/2023 04:00,10,39,9
7/31/2023 05:00,10,40,15
7/31/2023 06:00,21,43,17
7/31/2023 07:00,44,81,41
7/31/2023 08:00,49,103,62
7/31/2023 09:00,49,121,67
7/31/2023 10:00,46,121,85
7/31/2023 11:00,41,130,94
7/31/2023 12:00,55,166,85
7/31/2023 13:00,42,153,75
7/31/2023 14:00,61,176,86
7/31/2023 15:00,43,157,124
7/31/2023 16:00,49,168,111
7/31/2023 17:00,29,144,78
7/31/2023 18:00,22,142,88
7/31/2023 19:00,28,127,77
7/31/2023 20:00,35,126,82
7/31/2023 21:00,25,98,73
7/31/2023 22:00,39,84,33
7/31/2023 23:00,26,63,31
