date,call_volume
2023-01-01,150
2023-01-02,200
2023-01-03,180
2023-01-04,220
2023-01-05,210
2023-01-06,190
2023-01-07,230
2023-01-08,250
2023-01-09,240
2023-01-10,260
2023-01-11,270
2023-01-12,280
2023-01-13,300
2023-01-14,320
2023-01-15,310
2023-01-16,330
2023-01-17,340
2023-01-18,350
2023-01-19,360
2023-01-20,370
2023-01-21,380
2023-01-22,390
2023-01-23,400
2023-01-24,410
2023-01-25,420
2023-01-26,430
2023-01-27,440
2023-01-28,450
2023-01-29,460
2023-01-30,470
2023-01-31,480
2023-02-01,490
2023-02-02,500
2023-02-03,510
2023-02-04,520
2023-02-05,530
2023-02-06,540
2023-02-07,550
2023-02-08,560
2023-02-09,570
2023-02-10,580
2023-02-11,590
2023-02-12,600
2023-02-13,610
2023-02-14,620
2023-02-15,630
2023-02-16,640
2023-02-17,650
2023-02-18,660
2023-02-19,670
2023-02-20,680
2023-02-21,690
2023-02-22,700
2023-02-23,710
2023-02-24,720
2023-02-25,730
2023-02-26,740
2023-02-27,750
2023-02-28,760
2023-03-01,770
2023-03-02,780
2023-03-03,790
2023-03-04,800
2023-03-05,810
2023-03-06,820
2023-03-07,830
2023-03-08,840
2023-03-09,850
2023-03-10,860
2023-03-11,870
2023-03-12,880
2023-03-13,890
2023-03-14,900
2023-03-15,910
2023-03-16,920
2023-03-17,930
2023-03-18,940
2023-03-19,950
2023-03-20,960
2023-03-21,970
2023-03-22,980
2023-03-23,990
2023-03-24,1000
2023-03-25,1010
2023-03-26,1020
2023-03-27,1030
2023-03-28,1040
2023-03-29,1050
2023-03-30,1060
2023-03-31,1070
2023-04-01,1080
2023-04-02,1090
2023-04-03,1100
2023-04-04,1110
2023-04-05,1120
2023-04-06,1130
2023-04-07,1140
2023-04-08,1150
2023-04-09,1160
2023-04-10,1170
2023-04-11,1180
2023-04-12,1190
2023-04-13,1200
2023-04-14,1210
2023-04-15,1220
2023-04-16,1230
2023-04-17,1240
2023-04-18,1250
2023-04-19,1260
2023-04-20,1270
2023-04-21,1280
2023-04-22,1290
2023-04-23,1300
2023-04-24,1310
2023-04-25,1320
2023-04-26,1330
2023-04-27,1340
2023-04-28,1350
2023-04-29,1360
2023-04-30,1370
2023-05-01,1380
2023-05-02,1390
2023-05-03,1400
2023-05-04,1410
2023-05-05,1420
2023-05-06,1430
2023-05-07,1440
2023-05-08,1450
2023-05-09,1460
2023-05-10,1470
2023-05-11,1480
2023-05-12,1490
2023-05-13,1500
2023-05-14,1510
2023-05-15,1520
2023-05-16,1530
2023-05-17,1540
2023-05-18,1550
2023-05-19,1560
2023-05-20,1570
2023-05-21,1580
2023-05-22,1590
2023-05-23,1600
2023-05-24,1610
2023-05-25,1620
2023-05-26,1630
2023-05-27,1640
2023-05-28,1650
2023-05-29,1660
2023-05-30,1670
2023-05-31,1680
2023-06-01,1690
2023-06-02,1700
2023-06-03,1710
2023-06-04,1720
2023-06-05,1730
2023-06-06,1740
2023-06-07,1750
2023-06-08,1760
2023-06-09,1770
2023-06-10,1780
2023-06-11,1790
2023-06-12,1800
2023-06-13,1810
2023-06-14,1820
2023-06-15,1830
2023-06-16,1840
2023-06-17,1850
2023-06-18,1860
2023-06-19,1870
2023-06-20,1880
2023-06-21,1890
2023-06-22,1900
2023-06-23,1910
2023-06-24,1920
2023-06-25,1930
2023-06-26,1940
2023-06-27,1950
2023-06-28,1960
2023-06-29,1970
2023-06-30,1980
2023-07-01,1990
2023-07-02,2000
2023-07-03,2010
2023-07-04,2020
2023-07-05,2030
2023-07-06,2040
2023-07-07,2050
2023-07-08,2060
2023-07-09,2070
2023-07-10,2080
2023-07-11,2090
2023-07-12,2100
2023-07-13,2110
2023-07-14,2120
2023-07-15,2130
2023-07-16,2140
2023-07-17,2150
2023-07-18,2160
2023-07-19,2170
2023-07-20,2180
2023-07-21,2190
2023-07-22,2200
2023-07-23,2210
2023-07-24,2220
2023-07-25,2230
2023-07-26,2240
2023-07-27,2250
2023-07-28,2260
2023-07-29,2270
2023-07-30,2280
2023-07-31,2290
2023-08-01,2300
2023-08-02,2310
2023-08-03,2320
2023-08-04,2330
2023-08-05,2340
2023-08-06,2350
2023-08-07,2360
2023-08-08,2370
2023-08-09,2380
2023-08-10,2390
2023-08-11,2400
2023-08-12,2410
2023-08-13,2420
2023-08-14,2430
2023-08-15,2440
2023-08-16,2450
2023-08-17,2460
2023-08-18,2470
2023-08-19,2480
2023-08-20,2490
2023-08-21,2500
2023-08-22,2510
2023-08-23,2520
2023-08-24,2530
2023-08-25,2540
2023-08-26,2550
2023-08-27,2560
2023-08-28,2570
2023-08-29,2580
2023-08-30,2590
2023-08-31,2600
2023-09-01,2610
2023-09-02,2620
2023-09-03,2630
2023-09-04,2640
2023-09-05,2650
2023-09-06,2660
2023-09-07,2670
2023-09-08,2680
2023-09-09,2690
2023-09-10,2700
2023-09-11,2710
2023-09-12,2720
2023-09-13,2730
2023-09-14,2740
2023-09-15,2750
2023-09-16,2760
2023-09-17,2770
2023-09-18,2780
2023-09-19,2790
2023-09-20,2800
2023-09-21,2810
2023-09-22,2820
2023-09-23,2830
2023-09-24,2840
2023-09-25,2850
2023-09-26,2860
2023-09-27,2870
2023-09-28,2880
2023-09-29,2890
2023-09-30,2900
2023-10-01,2910
2023-10-02,2920
2023-10-03,2930
2023-10-04,2940
2023-10-05,2950
2023-10-06,2960
2023-10-07,2970
2023-10-08,2980
2023-10-09,2990
2023-10-10,3000
2023-10-11,3010
2023-10-12,3020
2023-10-13,3030
2023-10-14,3040
2023-10-15,3050
2023-10-16,3060
2023-10-17,3070
2023-10-18,3080
2023-10-19,3090
2023-10-20,3100
2023-10-21,3110
2023-10-22,3120
2023-10-23,3130
2023-10-24,3140
2023-10-25,3150
2023-10-26,3160
2023-10-27,3170
2023-10-28,3180
2023-10-29,3190
2023-10-30,3200
2023-10-31,3210